phone_number_e164,phone_number_formatted,phone_number_dashed,area_code,state_or_territory,repeating_digit
+12011111111,(201) 111-1111,201-111-1111,201,New Jersey,1
+12012222222,(201) 222-2222,201-222-2222,201,New Jersey,2
+12013333333,(201) 333-3333,201-333-3333,201,New Jersey,3
+12014444444,(201) 444-4444,201-444-4444,201,New Jersey,4
+12015555555,(201) 555-5555,201-555-5555,201,New Jersey,5
+12016666666,(201) 666-6666,201-666-6666,201,New Jersey,6
+12017777777,(201) 777-7777,201-777-7777,201,New Jersey,7
+12018888888,(201) 888-8888,201-888-8888,201,New Jersey,8
+12019999999,(201) 999-9999,201-999-9999,201,New Jersey,9
+12021111111,(202) 111-1111,202-111-1111,202,District of Columbia,1
+12022222222,(202) 222-2222,202-222-2222,202,District of Columbia,2
+12023333333,(202) 333-3333,202-333-3333,202,District of Columbia,3
+12024444444,(202) 444-4444,202-444-4444,202,District of Columbia,4
+12025555555,(202) 555-5555,202-555-5555,202,District of Columbia,5
+12026666666,(202) 666-6666,202-666-6666,202,District of Columbia,6
+12027777777,(202) 777-7777,202-777-7777,202,District of Columbia,7
+12028888888,(202) 888-8888,202-888-8888,202,District of Columbia,8
+12029999999,(202) 999-9999,202-999-9999,202,District of Columbia,9
+12031111111,(203) 111-1111,203-111-1111,203,Connecticut,1
+12032222222,(203) 222-2222,203-222-2222,203,Connecticut,2
+12033333333,(203) 333-3333,203-333-3333,203,Connecticut,3
+12034444444,(203) 444-4444,203-444-4444,203,Connecticut,4
+12035555555,(203) 555-5555,203-555-5555,203,Connecticut,5
+12036666666,(203) 666-6666,203-666-6666,203,Connecticut,6
+12037777777,(203) 777-7777,203-777-7777,203,Connecticut,7
+12038888888,(203) 888-8888,203-888-8888,203,Connecticut,8
+12039999999,(203) 999-9999,203-999-9999,203,Connecticut,9
+12051111111,(205) 111-1111,205-111-1111,205,Alabama,1
+12052222222,(205) 222-2222,205-222-2222,205,Alabama,2
+12053333333,(205) 333-3333,205-333-3333,205,Alabama,3
+12054444444,(205) 444-4444,205-444-4444,205,Alabama,4
+12055555555,(205) 555-5555,205-555-5555,205,Alabama,5
+12056666666,(205) 666-6666,205-666-6666,205,Alabama,6
+12057777777,(205) 777-7777,205-777-7777,205,Alabama,7
+12058888888,(205) 888-8888,205-888-8888,205,Alabama,8
+12059999999,(205) 999-9999,205-999-9999,205,Alabama,9
+12061111111,(206) 111-1111,206-111-1111,206,Washington,1
+12062222222,(206) 222-2222,206-222-2222,206,Washington,2
+12063333333,(206) 333-3333,206-333-3333,206,Washington,3
+12064444444,(206) 444-4444,206-444-4444,206,Washington,4
+12065555555,(206) 555-5555,206-555-5555,206,Washington,5
+12066666666,(206) 666-6666,206-666-6666,206,Washington,6
+12067777777,(206) 777-7777,206-777-7777,206,Washington,7
+12068888888,(206) 888-8888,206-888-8888,206,Washington,8
+12069999999,(206) 999-9999,206-999-9999,206,Washington,9
+12071111111,(207) 111-1111,207-111-1111,207,Maine,1
+12072222222,(207) 222-2222,207-222-2222,207,Maine,2
+12073333333,(207) 333-3333,207-333-3333,207,Maine,3
+12074444444,(207) 444-4444,207-444-4444,207,Maine,4
+12075555555,(207) 555-5555,207-555-5555,207,Maine,5
+12076666666,(207) 666-6666,207-666-6666,207,Maine,6
+12077777777,(207) 777-7777,207-777-7777,207,Maine,7
+12078888888,(207) 888-8888,207-888-8888,207,Maine,8
+12079999999,(207) 999-9999,207-999-9999,207,Maine,9
+12081111111,(208) 111-1111,208-111-1111,208,Idaho,1
+12082222222,(208) 222-2222,208-222-2222,208,Idaho,2
+12083333333,(208) 333-3333,208-333-3333,208,Idaho,3
+12084444444,(208) 444-4444,208-444-4444,208,Idaho,4
+12085555555,(208) 555-5555,208-555-5555,208,Idaho,5
+12086666666,(208) 666-6666,208-666-6666,208,Idaho,6
+12087777777,(208) 777-7777,208-777-7777,208,Idaho,7
+12088888888,(208) 888-8888,208-888-8888,208,Idaho,8
+12089999999,(208) 999-9999,208-999-9999,208,Idaho,9
+12091111111,(209) 111-1111,209-111-1111,209,California,1
+12092222222,(209) 222-2222,209-222-2222,209,California,2
+12093333333,(209) 333-3333,209-333-3333,209,California,3
+12094444444,(209) 444-4444,209-444-4444,209,California,4
+12095555555,(209) 555-5555,209-555-5555,209,California,5
+12096666666,(209) 666-6666,209-666-6666,209,California,6
+12097777777,(209) 777-7777,209-777-7777,209,California,7
+12098888888,(209) 888-8888,209-888-8888,209,California,8
+12099999999,(209) 999-9999,209-999-9999,209,California,9
+12101111111,(210) 111-1111,210-111-1111,210,Texas,1
+12102222222,(210) 222-2222,210-222-2222,210,Texas,2
+12103333333,(210) 333-3333,210-333-3333,210,Texas,3
+12104444444,(210) 444-4444,210-444-4444,210,Texas,4
+12105555555,(210) 555-5555,210-555-5555,210,Texas,5
+12106666666,(210) 666-6666,210-666-6666,210,Texas,6
+12107777777,(210) 777-7777,210-777-7777,210,Texas,7
+12108888888,(210) 888-8888,210-888-8888,210,Texas,8
+12109999999,(210) 999-9999,210-999-9999,210,Texas,9
+12121111111,(212) 111-1111,212-111-1111,212,New York,1
+12122222222,(212) 222-2222,212-222-2222,212,New York,2
+12123333333,(212) 333-3333,212-333-3333,212,New York,3
+12124444444,(212) 444-4444,212-444-4444,212,New York,4
+12125555555,(212) 555-5555,212-555-5555,212,New York,5
+12126666666,(212) 666-6666,212-666-6666,212,New York,6
+12127777777,(212) 777-7777,212-777-7777,212,New York,7
+12128888888,(212) 888-8888,212-888-8888,212,New York,8
+12129999999,(212) 999-9999,212-999-9999,212,New York,9
+12131111111,(213) 111-1111,213-111-1111,213,California,1
+12132222222,(213) 222-2222,213-222-2222,213,California,2
+12133333333,(213) 333-3333,213-333-3333,213,California,3
+12134444444,(213) 444-4444,213-444-4444,213,California,4
+12135555555,(213) 555-5555,213-555-5555,213,California,5
+12136666666,(213) 666-6666,213-666-6666,213,California,6
+12137777777,(213) 777-7777,213-777-7777,213,California,7
+12138888888,(213) 888-8888,213-888-8888,213,California,8
+12139999999,(213) 999-9999,213-999-9999,213,California,9
+12141111111,(214) 111-1111,214-111-1111,214,Texas,1
+12142222222,(214) 222-2222,214-222-2222,214,Texas,2
+12143333333,(214) 333-3333,214-333-3333,214,Texas,3
+12144444444,(214) 444-4444,214-444-4444,214,Texas,4
+12145555555,(214) 555-5555,214-555-5555,214,Texas,5
+12146666666,(214) 666-6666,214-666-6666,214,Texas,6
+12147777777,(214) 777-7777,214-777-7777,214,Texas,7
+12148888888,(214) 888-8888,214-888-8888,214,Texas,8
+12149999999,(214) 999-9999,214-999-9999,214,Texas,9
+12151111111,(215) 111-1111,215-111-1111,215,Pennsylvania,1
+12152222222,(215) 222-2222,215-222-2222,215,Pennsylvania,2
+12153333333,(215) 333-3333,215-333-3333,215,Pennsylvania,3
+12154444444,(215) 444-4444,215-444-4444,215,Pennsylvania,4
+12155555555,(215) 555-5555,215-555-5555,215,Pennsylvania,5
+12156666666,(215) 666-6666,215-666-6666,215,Pennsylvania,6
+12157777777,(215) 777-7777,215-777-7777,215,Pennsylvania,7
+12158888888,(215) 888-8888,215-888-8888,215,Pennsylvania,8
+12159999999,(215) 999-9999,215-999-9999,215,Pennsylvania,9
+12161111111,(216) 111-1111,216-111-1111,216,Ohio,1
+12162222222,(216) 222-2222,216-222-2222,216,Ohio,2
+12163333333,(216) 333-3333,216-333-3333,216,Ohio,3
+12164444444,(216) 444-4444,216-444-4444,216,Ohio,4
+12165555555,(216) 555-5555,216-555-5555,216,Ohio,5
+12166666666,(216) 666-6666,216-666-6666,216,Ohio,6
+12167777777,(216) 777-7777,216-777-7777,216,Ohio,7
+12168888888,(216) 888-8888,216-888-8888,216,Ohio,8
+12169999999,(216) 999-9999,216-999-9999,216,Ohio,9
+12171111111,(217) 111-1111,217-111-1111,217,Illinois,1
+12172222222,(217) 222-2222,217-222-2222,217,Illinois,2
+12173333333,(217) 333-3333,217-333-3333,217,Illinois,3
+12174444444,(217) 444-4444,217-444-4444,217,Illinois,4
+12175555555,(217) 555-5555,217-555-5555,217,Illinois,5
+12176666666,(217) 666-6666,217-666-6666,217,Illinois,6
+12177777777,(217) 777-7777,217-777-7777,217,Illinois,7
+12178888888,(217) 888-8888,217-888-8888,217,Illinois,8
+12179999999,(217) 999-9999,217-999-9999,217,Illinois,9
+12181111111,(218) 111-1111,218-111-1111,218,Minnesota,1
+12182222222,(218) 222-2222,218-222-2222,218,Minnesota,2
+12183333333,(218) 333-3333,218-333-3333,218,Minnesota,3
+12184444444,(218) 444-4444,218-444-4444,218,Minnesota,4
+12185555555,(218) 555-5555,218-555-5555,218,Minnesota,5
+12186666666,(218) 666-6666,218-666-6666,218,Minnesota,6
+12187777777,(218) 777-7777,218-777-7777,218,Minnesota,7
+12188888888,(218) 888-8888,218-888-8888,218,Minnesota,8
+12189999999,(218) 999-9999,218-999-9999,218,Minnesota,9
+12191111111,(219) 111-1111,219-111-1111,219,Indiana,1
+12192222222,(219) 222-2222,219-222-2222,219,Indiana,2
+12193333333,(219) 333-3333,219-333-3333,219,Indiana,3
+12194444444,(219) 444-4444,219-444-4444,219,Indiana,4
+12195555555,(219) 555-5555,219-555-5555,219,Indiana,5
+12196666666,(219) 666-6666,219-666-6666,219,Indiana,6
+12197777777,(219) 777-7777,219-777-7777,219,Indiana,7
+12198888888,(219) 888-8888,219-888-8888,219,Indiana,8
+12199999999,(219) 999-9999,219-999-9999,219,Indiana,9
+12201111111,(220) 111-1111,220-111-1111,220,Ohio,1
+12202222222,(220) 222-2222,220-222-2222,220,Ohio,2
+12203333333,(220) 333-3333,220-333-3333,220,Ohio,3
+12204444444,(220) 444-4444,220-444-4444,220,Ohio,4
+12205555555,(220) 555-5555,220-555-5555,220,Ohio,5
+12206666666,(220) 666-6666,220-666-6666,220,Ohio,6
+12207777777,(220) 777-7777,220-777-7777,220,Ohio,7
+12208888888,(220) 888-8888,220-888-8888,220,Ohio,8
+12209999999,(220) 999-9999,220-999-9999,220,Ohio,9
+12231111111,(223) 111-1111,223-111-1111,223,Pennsylvania,1
+12232222222,(223) 222-2222,223-222-2222,223,Pennsylvania,2
+12233333333,(223) 333-3333,223-333-3333,223,Pennsylvania,3
+12234444444,(223) 444-4444,223-444-4444,223,Pennsylvania,4
+12235555555,(223) 555-5555,223-555-5555,223,Pennsylvania,5
+12236666666,(223) 666-6666,223-666-6666,223,Pennsylvania,6
+12237777777,(223) 777-7777,223-777-7777,223,Pennsylvania,7
+12238888888,(223) 888-8888,223-888-8888,223,Pennsylvania,8
+12239999999,(223) 999-9999,223-999-9999,223,Pennsylvania,9
+12241111111,(224) 111-1111,224-111-1111,224,Illinois,1
+12242222222,(224) 222-2222,224-222-2222,224,Illinois,2
+12243333333,(224) 333-3333,224-333-3333,224,Illinois,3
+12244444444,(224) 444-4444,224-444-4444,224,Illinois,4
+12245555555,(224) 555-5555,224-555-5555,224,Illinois,5
+12246666666,(224) 666-6666,224-666-6666,224,Illinois,6
+12247777777,(224) 777-7777,224-777-7777,224,Illinois,7
+12248888888,(224) 888-8888,224-888-8888,224,Illinois,8
+12249999999,(224) 999-9999,224-999-9999,224,Illinois,9
+12251111111,(225) 111-1111,225-111-1111,225,Louisiana,1
+12252222222,(225) 222-2222,225-222-2222,225,Louisiana,2
+12253333333,(225) 333-3333,225-333-3333,225,Louisiana,3
+12254444444,(225) 444-4444,225-444-4444,225,Louisiana,4
+12255555555,(225) 555-5555,225-555-5555,225,Louisiana,5
+12256666666,(225) 666-6666,225-666-6666,225,Louisiana,6
+12257777777,(225) 777-7777,225-777-7777,225,Louisiana,7
+12258888888,(225) 888-8888,225-888-8888,225,Louisiana,8
+12259999999,(225) 999-9999,225-999-9999,225,Louisiana,9
+12271111111,(227) 111-1111,227-111-1111,227,Maryland,1
+12272222222,(227) 222-2222,227-222-2222,227,Maryland,2
+12273333333,(227) 333-3333,227-333-3333,227,Maryland,3
+12274444444,(227) 444-4444,227-444-4444,227,Maryland,4
+12275555555,(227) 555-5555,227-555-5555,227,Maryland,5
+12276666666,(227) 666-6666,227-666-6666,227,Maryland,6
+12277777777,(227) 777-7777,227-777-7777,227,Maryland,7
+12278888888,(227) 888-8888,227-888-8888,227,Maryland,8
+12279999999,(227) 999-9999,227-999-9999,227,Maryland,9
+12281111111,(228) 111-1111,228-111-1111,228,Mississippi,1
+12282222222,(228) 222-2222,228-222-2222,228,Mississippi,2
+12283333333,(228) 333-3333,228-333-3333,228,Mississippi,3
+12284444444,(228) 444-4444,228-444-4444,228,Mississippi,4
+12285555555,(228) 555-5555,228-555-5555,228,Mississippi,5
+12286666666,(228) 666-6666,228-666-6666,228,Mississippi,6
+12287777777,(228) 777-7777,228-777-7777,228,Mississippi,7
+12288888888,(228) 888-8888,228-888-8888,228,Mississippi,8
+12289999999,(228) 999-9999,228-999-9999,228,Mississippi,9
+12291111111,(229) 111-1111,229-111-1111,229,Georgia,1
+12292222222,(229) 222-2222,229-222-2222,229,Georgia,2
+12293333333,(229) 333-3333,229-333-3333,229,Georgia,3
+12294444444,(229) 444-4444,229-444-4444,229,Georgia,4
+12295555555,(229) 555-5555,229-555-5555,229,Georgia,5
+12296666666,(229) 666-6666,229-666-6666,229,Georgia,6
+12297777777,(229) 777-7777,229-777-7777,229,Georgia,7
+12298888888,(229) 888-8888,229-888-8888,229,Georgia,8
+12299999999,(229) 999-9999,229-999-9999,229,Georgia,9
+12311111111,(231) 111-1111,231-111-1111,231,Michigan,1
+12312222222,(231) 222-2222,231-222-2222,231,Michigan,2
+12313333333,(231) 333-3333,231-333-3333,231,Michigan,3
+12314444444,(231) 444-4444,231-444-4444,231,Michigan,4
+12315555555,(231) 555-5555,231-555-5555,231,Michigan,5
+12316666666,(231) 666-6666,231-666-6666,231,Michigan,6
+12317777777,(231) 777-7777,231-777-7777,231,Michigan,7
+12318888888,(231) 888-8888,231-888-8888,231,Michigan,8
+12319999999,(231) 999-9999,231-999-9999,231,Michigan,9
+12341111111,(234) 111-1111,234-111-1111,234,Ohio,1
+12342222222,(234) 222-2222,234-222-2222,234,Ohio,2
+12343333333,(234) 333-3333,234-333-3333,234,Ohio,3
+12344444444,(234) 444-4444,234-444-4444,234,Ohio,4
+12345555555,(234) 555-5555,234-555-5555,234,Ohio,5
+12346666666,(234) 666-6666,234-666-6666,234,Ohio,6
+12347777777,(234) 777-7777,234-777-7777,234,Ohio,7
+12348888888,(234) 888-8888,234-888-8888,234,Ohio,8
+12349999999,(234) 999-9999,234-999-9999,234,Ohio,9
+12351111111,(235) 111-1111,235-111-1111,235,Missouri,1
+12352222222,(235) 222-2222,235-222-2222,235,Missouri,2
+12353333333,(235) 333-3333,235-333-3333,235,Missouri,3
+12354444444,(235) 444-4444,235-444-4444,235,Missouri,4
+12355555555,(235) 555-5555,235-555-5555,235,Missouri,5
+12356666666,(235) 666-6666,235-666-6666,235,Missouri,6
+12357777777,(235) 777-7777,235-777-7777,235,Missouri,7
+12358888888,(235) 888-8888,235-888-8888,235,Missouri,8
+12359999999,(235) 999-9999,235-999-9999,235,Missouri,9
+12391111111,(239) 111-1111,239-111-1111,239,Florida,1
+12392222222,(239) 222-2222,239-222-2222,239,Florida,2
+12393333333,(239) 333-3333,239-333-3333,239,Florida,3
+12394444444,(239) 444-4444,239-444-4444,239,Florida,4
+12395555555,(239) 555-5555,239-555-5555,239,Florida,5
+12396666666,(239) 666-6666,239-666-6666,239,Florida,6
+12397777777,(239) 777-7777,239-777-7777,239,Florida,7
+12398888888,(239) 888-8888,239-888-8888,239,Florida,8
+12399999999,(239) 999-9999,239-999-9999,239,Florida,9
+12401111111,(240) 111-1111,240-111-1111,240,Maryland,1
+12402222222,(240) 222-2222,240-222-2222,240,Maryland,2
+12403333333,(240) 333-3333,240-333-3333,240,Maryland,3
+12404444444,(240) 444-4444,240-444-4444,240,Maryland,4
+12405555555,(240) 555-5555,240-555-5555,240,Maryland,5
+12406666666,(240) 666-6666,240-666-6666,240,Maryland,6
+12407777777,(240) 777-7777,240-777-7777,240,Maryland,7
+12408888888,(240) 888-8888,240-888-8888,240,Maryland,8
+12409999999,(240) 999-9999,240-999-9999,240,Maryland,9
+12481111111,(248) 111-1111,248-111-1111,248,Michigan,1
+12482222222,(248) 222-2222,248-222-2222,248,Michigan,2
+12483333333,(248) 333-3333,248-333-3333,248,Michigan,3
+12484444444,(248) 444-4444,248-444-4444,248,Michigan,4
+12485555555,(248) 555-5555,248-555-5555,248,Michigan,5
+12486666666,(248) 666-6666,248-666-6666,248,Michigan,6
+12487777777,(248) 777-7777,248-777-7777,248,Michigan,7
+12488888888,(248) 888-8888,248-888-8888,248,Michigan,8
+12489999999,(248) 999-9999,248-999-9999,248,Michigan,9
+12511111111,(251) 111-1111,251-111-1111,251,Alabama,1
+12512222222,(251) 222-2222,251-222-2222,251,Alabama,2
+12513333333,(251) 333-3333,251-333-3333,251,Alabama,3
+12514444444,(251) 444-4444,251-444-4444,251,Alabama,4
+12515555555,(251) 555-5555,251-555-5555,251,Alabama,5
+12516666666,(251) 666-6666,251-666-6666,251,Alabama,6
+12517777777,(251) 777-7777,251-777-7777,251,Alabama,7
+12518888888,(251) 888-8888,251-888-8888,251,Alabama,8
+12519999999,(251) 999-9999,251-999-9999,251,Alabama,9
+12521111111,(252) 111-1111,252-111-1111,252,North Carolina,1
+12522222222,(252) 222-2222,252-222-2222,252,North Carolina,2
+12523333333,(252) 333-3333,252-333-3333,252,North Carolina,3
+12524444444,(252) 444-4444,252-444-4444,252,North Carolina,4
+12525555555,(252) 555-5555,252-555-5555,252,North Carolina,5
+12526666666,(252) 666-6666,252-666-6666,252,North Carolina,6
+12527777777,(252) 777-7777,252-777-7777,252,North Carolina,7
+12528888888,(252) 888-8888,252-888-8888,252,North Carolina,8
+12529999999,(252) 999-9999,252-999-9999,252,North Carolina,9
+12531111111,(253) 111-1111,253-111-1111,253,Washington,1
+12532222222,(253) 222-2222,253-222-2222,253,Washington,2
+12533333333,(253) 333-3333,253-333-3333,253,Washington,3
+12534444444,(253) 444-4444,253-444-4444,253,Washington,4
+12535555555,(253) 555-5555,253-555-5555,253,Washington,5
+12536666666,(253) 666-6666,253-666-6666,253,Washington,6
+12537777777,(253) 777-7777,253-777-7777,253,Washington,7
+12538888888,(253) 888-8888,253-888-8888,253,Washington,8
+12539999999,(253) 999-9999,253-999-9999,253,Washington,9
+12541111111,(254) 111-1111,254-111-1111,254,Texas,1
+12542222222,(254) 222-2222,254-222-2222,254,Texas,2
+12543333333,(254) 333-3333,254-333-3333,254,Texas,3
+12544444444,(254) 444-4444,254-444-4444,254,Texas,4
+12545555555,(254) 555-5555,254-555-5555,254,Texas,5
+12546666666,(254) 666-6666,254-666-6666,254,Texas,6
+12547777777,(254) 777-7777,254-777-7777,254,Texas,7
+12548888888,(254) 888-8888,254-888-8888,254,Texas,8
+12549999999,(254) 999-9999,254-999-9999,254,Texas,9
+12561111111,(256) 111-1111,256-111-1111,256,Alabama,1
+12562222222,(256) 222-2222,256-222-2222,256,Alabama,2
+12563333333,(256) 333-3333,256-333-3333,256,Alabama,3
+12564444444,(256) 444-4444,256-444-4444,256,Alabama,4
+12565555555,(256) 555-5555,256-555-5555,256,Alabama,5
+12566666666,(256) 666-6666,256-666-6666,256,Alabama,6
+12567777777,(256) 777-7777,256-777-7777,256,Alabama,7
+12568888888,(256) 888-8888,256-888-8888,256,Alabama,8
+12569999999,(256) 999-9999,256-999-9999,256,Alabama,9
+12601111111,(260) 111-1111,260-111-1111,260,Indiana,1
+12602222222,(260) 222-2222,260-222-2222,260,Indiana,2
+12603333333,(260) 333-3333,260-333-3333,260,Indiana,3
+12604444444,(260) 444-4444,260-444-4444,260,Indiana,4
+12605555555,(260) 555-5555,260-555-5555,260,Indiana,5
+12606666666,(260) 666-6666,260-666-6666,260,Indiana,6
+12607777777,(260) 777-7777,260-777-7777,260,Indiana,7
+12608888888,(260) 888-8888,260-888-8888,260,Indiana,8
+12609999999,(260) 999-9999,260-999-9999,260,Indiana,9
+12621111111,(262) 111-1111,262-111-1111,262,Wisconsin,1
+12622222222,(262) 222-2222,262-222-2222,262,Wisconsin,2
+12623333333,(262) 333-3333,262-333-3333,262,Wisconsin,3
+12624444444,(262) 444-4444,262-444-4444,262,Wisconsin,4
+12625555555,(262) 555-5555,262-555-5555,262,Wisconsin,5
+12626666666,(262) 666-6666,262-666-6666,262,Wisconsin,6
+12627777777,(262) 777-7777,262-777-7777,262,Wisconsin,7
+12628888888,(262) 888-8888,262-888-8888,262,Wisconsin,8
+12629999999,(262) 999-9999,262-999-9999,262,Wisconsin,9
+12671111111,(267) 111-1111,267-111-1111,267,Pennsylvania,1
+12672222222,(267) 222-2222,267-222-2222,267,Pennsylvania,2
+12673333333,(267) 333-3333,267-333-3333,267,Pennsylvania,3
+12674444444,(267) 444-4444,267-444-4444,267,Pennsylvania,4
+12675555555,(267) 555-5555,267-555-5555,267,Pennsylvania,5
+12676666666,(267) 666-6666,267-666-6666,267,Pennsylvania,6
+12677777777,(267) 777-7777,267-777-7777,267,Pennsylvania,7
+12678888888,(267) 888-8888,267-888-8888,267,Pennsylvania,8
+12679999999,(267) 999-9999,267-999-9999,267,Pennsylvania,9
+12691111111,(269) 111-1111,269-111-1111,269,Michigan,1
+12692222222,(269) 222-2222,269-222-2222,269,Michigan,2
+12693333333,(269) 333-3333,269-333-3333,269,Michigan,3
+12694444444,(269) 444-4444,269-444-4444,269,Michigan,4
+12695555555,(269) 555-5555,269-555-5555,269,Michigan,5
+12696666666,(269) 666-6666,269-666-6666,269,Michigan,6
+12697777777,(269) 777-7777,269-777-7777,269,Michigan,7
+12698888888,(269) 888-8888,269-888-8888,269,Michigan,8
+12699999999,(269) 999-9999,269-999-9999,269,Michigan,9
+12701111111,(270) 111-1111,270-111-1111,270,Kentucky,1
+12702222222,(270) 222-2222,270-222-2222,270,Kentucky,2
+12703333333,(270) 333-3333,270-333-3333,270,Kentucky,3
+12704444444,(270) 444-4444,270-444-4444,270,Kentucky,4
+12705555555,(270) 555-5555,270-555-5555,270,Kentucky,5
+12706666666,(270) 666-6666,270-666-6666,270,Kentucky,6
+12707777777,(270) 777-7777,270-777-7777,270,Kentucky,7
+12708888888,(270) 888-8888,270-888-8888,270,Kentucky,8
+12709999999,(270) 999-9999,270-999-9999,270,Kentucky,9
+12721111111,(272) 111-1111,272-111-1111,272,Pennsylvania,1
+12722222222,(272) 222-2222,272-222-2222,272,Pennsylvania,2
+12723333333,(272) 333-3333,272-333-3333,272,Pennsylvania,3
+12724444444,(272) 444-4444,272-444-4444,272,Pennsylvania,4
+12725555555,(272) 555-5555,272-555-5555,272,Pennsylvania,5
+12726666666,(272) 666-6666,272-666-6666,272,Pennsylvania,6
+12727777777,(272) 777-7777,272-777-7777,272,Pennsylvania,7
+12728888888,(272) 888-8888,272-888-8888,272,Pennsylvania,8
+12729999999,(272) 999-9999,272-999-9999,272,Pennsylvania,9
+12741111111,(274) 111-1111,274-111-1111,274,Wisconsin,1
+12742222222,(274) 222-2222,274-222-2222,274,Wisconsin,2
+12743333333,(274) 333-3333,274-333-3333,274,Wisconsin,3
+12744444444,(274) 444-4444,274-444-4444,274,Wisconsin,4
+12745555555,(274) 555-5555,274-555-5555,274,Wisconsin,5
+12746666666,(274) 666-6666,274-666-6666,274,Wisconsin,6
+12747777777,(274) 777-7777,274-777-7777,274,Wisconsin,7
+12748888888,(274) 888-8888,274-888-8888,274,Wisconsin,8
+12749999999,(274) 999-9999,274-999-9999,274,Wisconsin,9
+12761111111,(276) 111-1111,276-111-1111,276,Virginia,1
+12762222222,(276) 222-2222,276-222-2222,276,Virginia,2
+12763333333,(276) 333-3333,276-333-3333,276,Virginia,3
+12764444444,(276) 444-4444,276-444-4444,276,Virginia,4
+12765555555,(276) 555-5555,276-555-5555,276,Virginia,5
+12766666666,(276) 666-6666,276-666-6666,276,Virginia,6
+12767777777,(276) 777-7777,276-777-7777,276,Virginia,7
+12768888888,(276) 888-8888,276-888-8888,276,Virginia,8
+12769999999,(276) 999-9999,276-999-9999,276,Virginia,9
+12791111111,(279) 111-1111,279-111-1111,279,California,1
+12792222222,(279) 222-2222,279-222-2222,279,California,2
+12793333333,(279) 333-3333,279-333-3333,279,California,3
+12794444444,(279) 444-4444,279-444-4444,279,California,4
+12795555555,(279) 555-5555,279-555-5555,279,California,5
+12796666666,(279) 666-6666,279-666-6666,279,California,6
+12797777777,(279) 777-7777,279-777-7777,279,California,7
+12798888888,(279) 888-8888,279-888-8888,279,California,8
+12799999999,(279) 999-9999,279-999-9999,279,California,9
+12811111111,(281) 111-1111,281-111-1111,281,Texas,1
+12812222222,(281) 222-2222,281-222-2222,281,Texas,2
+12813333333,(281) 333-3333,281-333-3333,281,Texas,3
+12814444444,(281) 444-4444,281-444-4444,281,Texas,4
+12815555555,(281) 555-5555,281-555-5555,281,Texas,5
+12816666666,(281) 666-6666,281-666-6666,281,Texas,6
+12817777777,(281) 777-7777,281-777-7777,281,Texas,7
+12818888888,(281) 888-8888,281-888-8888,281,Texas,8
+12819999999,(281) 999-9999,281-999-9999,281,Texas,9
+12831111111,(283) 111-1111,283-111-1111,283,Ohio,1
+12832222222,(283) 222-2222,283-222-2222,283,Ohio,2
+12833333333,(283) 333-3333,283-333-3333,283,Ohio,3
+12834444444,(283) 444-4444,283-444-4444,283,Ohio,4
+12835555555,(283) 555-5555,283-555-5555,283,Ohio,5
+12836666666,(283) 666-6666,283-666-6666,283,Ohio,6
+12837777777,(283) 777-7777,283-777-7777,283,Ohio,7
+12838888888,(283) 888-8888,283-888-8888,283,Ohio,8
+12839999999,(283) 999-9999,283-999-9999,283,Ohio,9
+13011111111,(301) 111-1111,301-111-1111,301,Maryland,1
+13012222222,(301) 222-2222,301-222-2222,301,Maryland,2
+13013333333,(301) 333-3333,301-333-3333,301,Maryland,3
+13014444444,(301) 444-4444,301-444-4444,301,Maryland,4
+13015555555,(301) 555-5555,301-555-5555,301,Maryland,5
+13016666666,(301) 666-6666,301-666-6666,301,Maryland,6
+13017777777,(301) 777-7777,301-777-7777,301,Maryland,7
+13018888888,(301) 888-8888,301-888-8888,301,Maryland,8
+13019999999,(301) 999-9999,301-999-9999,301,Maryland,9
+13021111111,(302) 111-1111,302-111-1111,302,Delaware,1
+13022222222,(302) 222-2222,302-222-2222,302,Delaware,2
+13023333333,(302) 333-3333,302-333-3333,302,Delaware,3
+13024444444,(302) 444-4444,302-444-4444,302,Delaware,4
+13025555555,(302) 555-5555,302-555-5555,302,Delaware,5
+13026666666,(302) 666-6666,302-666-6666,302,Delaware,6
+13027777777,(302) 777-7777,302-777-7777,302,Delaware,7
+13028888888,(302) 888-8888,302-888-8888,302,Delaware,8
+13029999999,(302) 999-9999,302-999-9999,302,Delaware,9
+13031111111,(303) 111-1111,303-111-1111,303,Colorado,1
+13032222222,(303) 222-2222,303-222-2222,303,Colorado,2
+13033333333,(303) 333-3333,303-333-3333,303,Colorado,3
+13034444444,(303) 444-4444,303-444-4444,303,Colorado,4
+13035555555,(303) 555-5555,303-555-5555,303,Colorado,5
+13036666666,(303) 666-6666,303-666-6666,303,Colorado,6
+13037777777,(303) 777-7777,303-777-7777,303,Colorado,7
+13038888888,(303) 888-8888,303-888-8888,303,Colorado,8
+13039999999,(303) 999-9999,303-999-9999,303,Colorado,9
+13041111111,(304) 111-1111,304-111-1111,304,West Virginia,1
+13042222222,(304) 222-2222,304-222-2222,304,West Virginia,2
+13043333333,(304) 333-3333,304-333-3333,304,West Virginia,3
+13044444444,(304) 444-4444,304-444-4444,304,West Virginia,4
+13045555555,(304) 555-5555,304-555-5555,304,West Virginia,5
+13046666666,(304) 666-6666,304-666-6666,304,West Virginia,6
+13047777777,(304) 777-7777,304-777-7777,304,West Virginia,7
+13048888888,(304) 888-8888,304-888-8888,304,West Virginia,8
+13049999999,(304) 999-9999,304-999-9999,304,West Virginia,9
+13051111111,(305) 111-1111,305-111-1111,305,Florida,1
+13052222222,(305) 222-2222,305-222-2222,305,Florida,2
+13053333333,(305) 333-3333,305-333-3333,305,Florida,3
+13054444444,(305) 444-4444,305-444-4444,305,Florida,4
+13055555555,(305) 555-5555,305-555-5555,305,Florida,5
+13056666666,(305) 666-6666,305-666-6666,305,Florida,6
+13057777777,(305) 777-7777,305-777-7777,305,Florida,7
+13058888888,(305) 888-8888,305-888-8888,305,Florida,8
+13059999999,(305) 999-9999,305-999-9999,305,Florida,9
+13071111111,(307) 111-1111,307-111-1111,307,Wyoming,1
+13072222222,(307) 222-2222,307-222-2222,307,Wyoming,2
+13073333333,(307) 333-3333,307-333-3333,307,Wyoming,3
+13074444444,(307) 444-4444,307-444-4444,307,Wyoming,4
+13075555555,(307) 555-5555,307-555-5555,307,Wyoming,5
+13076666666,(307) 666-6666,307-666-6666,307,Wyoming,6
+13077777777,(307) 777-7777,307-777-7777,307,Wyoming,7
+13078888888,(307) 888-8888,307-888-8888,307,Wyoming,8
+13079999999,(307) 999-9999,307-999-9999,307,Wyoming,9
+13081111111,(308) 111-1111,308-111-1111,308,Nebraska,1
+13082222222,(308) 222-2222,308-222-2222,308,Nebraska,2
+13083333333,(308) 333-3333,308-333-3333,308,Nebraska,3
+13084444444,(308) 444-4444,308-444-4444,308,Nebraska,4
+13085555555,(308) 555-5555,308-555-5555,308,Nebraska,5
+13086666666,(308) 666-6666,308-666-6666,308,Nebraska,6
+13087777777,(308) 777-7777,308-777-7777,308,Nebraska,7
+13088888888,(308) 888-8888,308-888-8888,308,Nebraska,8
+13089999999,(308) 999-9999,308-999-9999,308,Nebraska,9
+13091111111,(309) 111-1111,309-111-1111,309,Illinois,1
+13092222222,(309) 222-2222,309-222-2222,309,Illinois,2
+13093333333,(309) 333-3333,309-333-3333,309,Illinois,3
+13094444444,(309) 444-4444,309-444-4444,309,Illinois,4
+13095555555,(309) 555-5555,309-555-5555,309,Illinois,5
+13096666666,(309) 666-6666,309-666-6666,309,Illinois,6
+13097777777,(309) 777-7777,309-777-7777,309,Illinois,7
+13098888888,(309) 888-8888,309-888-8888,309,Illinois,8
+13099999999,(309) 999-9999,309-999-9999,309,Illinois,9
+13101111111,(310) 111-1111,310-111-1111,310,California,1
+13102222222,(310) 222-2222,310-222-2222,310,California,2
+13103333333,(310) 333-3333,310-333-3333,310,California,3
+13104444444,(310) 444-4444,310-444-4444,310,California,4
+13105555555,(310) 555-5555,310-555-5555,310,California,5
+13106666666,(310) 666-6666,310-666-6666,310,California,6
+13107777777,(310) 777-7777,310-777-7777,310,California,7
+13108888888,(310) 888-8888,310-888-8888,310,California,8
+13109999999,(310) 999-9999,310-999-9999,310,California,9
+13121111111,(312) 111-1111,312-111-1111,312,Illinois,1
+13122222222,(312) 222-2222,312-222-2222,312,Illinois,2
+13123333333,(312) 333-3333,312-333-3333,312,Illinois,3
+13124444444,(312) 444-4444,312-444-4444,312,Illinois,4
+13125555555,(312) 555-5555,312-555-5555,312,Illinois,5
+13126666666,(312) 666-6666,312-666-6666,312,Illinois,6
+13127777777,(312) 777-7777,312-777-7777,312,Illinois,7
+13128888888,(312) 888-8888,312-888-8888,312,Illinois,8
+13129999999,(312) 999-9999,312-999-9999,312,Illinois,9
+13131111111,(313) 111-1111,313-111-1111,313,Michigan,1
+13132222222,(313) 222-2222,313-222-2222,313,Michigan,2
+13133333333,(313) 333-3333,313-333-3333,313,Michigan,3
+13134444444,(313) 444-4444,313-444-4444,313,Michigan,4
+13135555555,(313) 555-5555,313-555-5555,313,Michigan,5
+13136666666,(313) 666-6666,313-666-6666,313,Michigan,6
+13137777777,(313) 777-7777,313-777-7777,313,Michigan,7
+13138888888,(313) 888-8888,313-888-8888,313,Michigan,8
+13139999999,(313) 999-9999,313-999-9999,313,Michigan,9
+13141111111,(314) 111-1111,314-111-1111,314,Missouri,1
+13142222222,(314) 222-2222,314-222-2222,314,Missouri,2
+13143333333,(314) 333-3333,314-333-3333,314,Missouri,3
+13144444444,(314) 444-4444,314-444-4444,314,Missouri,4
+13145555555,(314) 555-5555,314-555-5555,314,Missouri,5
+13146666666,(314) 666-6666,314-666-6666,314,Missouri,6
+13147777777,(314) 777-7777,314-777-7777,314,Missouri,7
+13148888888,(314) 888-8888,314-888-8888,314,Missouri,8
+13149999999,(314) 999-9999,314-999-9999,314,Missouri,9
+13151111111,(315) 111-1111,315-111-1111,315,New York,1
+13152222222,(315) 222-2222,315-222-2222,315,New York,2
+13153333333,(315) 333-3333,315-333-3333,315,New York,3
+13154444444,(315) 444-4444,315-444-4444,315,New York,4
+13155555555,(315) 555-5555,315-555-5555,315,New York,5
+13156666666,(315) 666-6666,315-666-6666,315,New York,6
+13157777777,(315) 777-7777,315-777-7777,315,New York,7
+13158888888,(315) 888-8888,315-888-8888,315,New York,8
+13159999999,(315) 999-9999,315-999-9999,315,New York,9
+13161111111,(316) 111-1111,316-111-1111,316,Kansas,1
+13162222222,(316) 222-2222,316-222-2222,316,Kansas,2
+13163333333,(316) 333-3333,316-333-3333,316,Kansas,3
+13164444444,(316) 444-4444,316-444-4444,316,Kansas,4
+13165555555,(316) 555-5555,316-555-5555,316,Kansas,5
+13166666666,(316) 666-6666,316-666-6666,316,Kansas,6
+13167777777,(316) 777-7777,316-777-7777,316,Kansas,7
+13168888888,(316) 888-8888,316-888-8888,316,Kansas,8
+13169999999,(316) 999-9999,316-999-9999,316,Kansas,9
+13171111111,(317) 111-1111,317-111-1111,317,Indiana,1
+13172222222,(317) 222-2222,317-222-2222,317,Indiana,2
+13173333333,(317) 333-3333,317-333-3333,317,Indiana,3
+13174444444,(317) 444-4444,317-444-4444,317,Indiana,4
+13175555555,(317) 555-5555,317-555-5555,317,Indiana,5
+13176666666,(317) 666-6666,317-666-6666,317,Indiana,6
+13177777777,(317) 777-7777,317-777-7777,317,Indiana,7
+13178888888,(317) 888-8888,317-888-8888,317,Indiana,8
+13179999999,(317) 999-9999,317-999-9999,317,Indiana,9
+13181111111,(318) 111-1111,318-111-1111,318,Louisiana,1
+13182222222,(318) 222-2222,318-222-2222,318,Louisiana,2
+13183333333,(318) 333-3333,318-333-3333,318,Louisiana,3
+13184444444,(318) 444-4444,318-444-4444,318,Louisiana,4
+13185555555,(318) 555-5555,318-555-5555,318,Louisiana,5
+13186666666,(318) 666-6666,318-666-6666,318,Louisiana,6
+13187777777,(318) 777-7777,318-777-7777,318,Louisiana,7
+13188888888,(318) 888-8888,318-888-8888,318,Louisiana,8
+13189999999,(318) 999-9999,318-999-9999,318,Louisiana,9
+13191111111,(319) 111-1111,319-111-1111,319,Iowa,1
+13192222222,(319) 222-2222,319-222-2222,319,Iowa,2
+13193333333,(319) 333-3333,319-333-3333,319,Iowa,3
+13194444444,(319) 444-4444,319-444-4444,319,Iowa,4
+13195555555,(319) 555-5555,319-555-5555,319,Iowa,5
+13196666666,(319) 666-6666,319-666-6666,319,Iowa,6
+13197777777,(319) 777-7777,319-777-7777,319,Iowa,7
+13198888888,(319) 888-8888,319-888-8888,319,Iowa,8
+13199999999,(319) 999-9999,319-999-9999,319,Iowa,9
+13201111111,(320) 111-1111,320-111-1111,320,Minnesota,1
+13202222222,(320) 222-2222,320-222-2222,320,Minnesota,2
+13203333333,(320) 333-3333,320-333-3333,320,Minnesota,3
+13204444444,(320) 444-4444,320-444-4444,320,Minnesota,4
+13205555555,(320) 555-5555,320-555-5555,320,Minnesota,5
+13206666666,(320) 666-6666,320-666-6666,320,Minnesota,6
+13207777777,(320) 777-7777,320-777-7777,320,Minnesota,7
+13208888888,(320) 888-8888,320-888-8888,320,Minnesota,8
+13209999999,(320) 999-9999,320-999-9999,320,Minnesota,9
+13211111111,(321) 111-1111,321-111-1111,321,Florida,1
+13212222222,(321) 222-2222,321-222-2222,321,Florida,2
+13213333333,(321) 333-3333,321-333-3333,321,Florida,3
+13214444444,(321) 444-4444,321-444-4444,321,Florida,4
+13215555555,(321) 555-5555,321-555-5555,321,Florida,5
+13216666666,(321) 666-6666,321-666-6666,321,Florida,6
+13217777777,(321) 777-7777,321-777-7777,321,Florida,7
+13218888888,(321) 888-8888,321-888-8888,321,Florida,8
+13219999999,(321) 999-9999,321-999-9999,321,Florida,9
+13231111111,(323) 111-1111,323-111-1111,323,California,1
+13232222222,(323) 222-2222,323-222-2222,323,California,2
+13233333333,(323) 333-3333,323-333-3333,323,California,3
+13234444444,(323) 444-4444,323-444-4444,323,California,4
+13235555555,(323) 555-5555,323-555-5555,323,California,5
+13236666666,(323) 666-6666,323-666-6666,323,California,6
+13237777777,(323) 777-7777,323-777-7777,323,California,7
+13238888888,(323) 888-8888,323-888-8888,323,California,8
+13239999999,(323) 999-9999,323-999-9999,323,California,9
+13241111111,(324) 111-1111,324-111-1111,324,Florida,1
+13242222222,(324) 222-2222,324-222-2222,324,Florida,2
+13243333333,(324) 333-3333,324-333-3333,324,Florida,3
+13244444444,(324) 444-4444,324-444-4444,324,Florida,4
+13245555555,(324) 555-5555,324-555-5555,324,Florida,5
+13246666666,(324) 666-6666,324-666-6666,324,Florida,6
+13247777777,(324) 777-7777,324-777-7777,324,Florida,7
+13248888888,(324) 888-8888,324-888-8888,324,Florida,8
+13249999999,(324) 999-9999,324-999-9999,324,Florida,9
+13251111111,(325) 111-1111,325-111-1111,325,Texas,1
+13252222222,(325) 222-2222,325-222-2222,325,Texas,2
+13253333333,(325) 333-3333,325-333-3333,325,Texas,3
+13254444444,(325) 444-4444,325-444-4444,325,Texas,4
+13255555555,(325) 555-5555,325-555-5555,325,Texas,5
+13256666666,(325) 666-6666,325-666-6666,325,Texas,6
+13257777777,(325) 777-7777,325-777-7777,325,Texas,7
+13258888888,(325) 888-8888,325-888-8888,325,Texas,8
+13259999999,(325) 999-9999,325-999-9999,325,Texas,9
+13261111111,(326) 111-1111,326-111-1111,326,Ohio,1
+13262222222,(326) 222-2222,326-222-2222,326,Ohio,2
+13263333333,(326) 333-3333,326-333-3333,326,Ohio,3
+13264444444,(326) 444-4444,326-444-4444,326,Ohio,4
+13265555555,(326) 555-5555,326-555-5555,326,Ohio,5
+13266666666,(326) 666-6666,326-666-6666,326,Ohio,6
+13267777777,(326) 777-7777,326-777-7777,326,Ohio,7
+13268888888,(326) 888-8888,326-888-8888,326,Ohio,8
+13269999999,(326) 999-9999,326-999-9999,326,Ohio,9
+13271111111,(327) 111-1111,327-111-1111,327,Arkansas,1
+13272222222,(327) 222-2222,327-222-2222,327,Arkansas,2
+13273333333,(327) 333-3333,327-333-3333,327,Arkansas,3
+13274444444,(327) 444-4444,327-444-4444,327,Arkansas,4
+13275555555,(327) 555-5555,327-555-5555,327,Arkansas,5
+13276666666,(327) 666-6666,327-666-6666,327,Arkansas,6
+13277777777,(327) 777-7777,327-777-7777,327,Arkansas,7
+13278888888,(327) 888-8888,327-888-8888,327,Arkansas,8
+13279999999,(327) 999-9999,327-999-9999,327,Arkansas,9
+13291111111,(329) 111-1111,329-111-1111,329,New York,1
+13292222222,(329) 222-2222,329-222-2222,329,New York,2
+13293333333,(329) 333-3333,329-333-3333,329,New York,3
+13294444444,(329) 444-4444,329-444-4444,329,New York,4
+13295555555,(329) 555-5555,329-555-5555,329,New York,5
+13296666666,(329) 666-6666,329-666-6666,329,New York,6
+13297777777,(329) 777-7777,329-777-7777,329,New York,7
+13298888888,(329) 888-8888,329-888-8888,329,New York,8
+13299999999,(329) 999-9999,329-999-9999,329,New York,9
+13301111111,(330) 111-1111,330-111-1111,330,Ohio,1
+13302222222,(330) 222-2222,330-222-2222,330,Ohio,2
+13303333333,(330) 333-3333,330-333-3333,330,Ohio,3
+13304444444,(330) 444-4444,330-444-4444,330,Ohio,4
+13305555555,(330) 555-5555,330-555-5555,330,Ohio,5
+13306666666,(330) 666-6666,330-666-6666,330,Ohio,6
+13307777777,(330) 777-7777,330-777-7777,330,Ohio,7
+13308888888,(330) 888-8888,330-888-8888,330,Ohio,8
+13309999999,(330) 999-9999,330-999-9999,330,Ohio,9
+13311111111,(331) 111-1111,331-111-1111,331,Illinois,1
+13312222222,(331) 222-2222,331-222-2222,331,Illinois,2
+13313333333,(331) 333-3333,331-333-3333,331,Illinois,3
+13314444444,(331) 444-4444,331-444-4444,331,Illinois,4
+13315555555,(331) 555-5555,331-555-5555,331,Illinois,5
+13316666666,(331) 666-6666,331-666-6666,331,Illinois,6
+13317777777,(331) 777-7777,331-777-7777,331,Illinois,7
+13318888888,(331) 888-8888,331-888-8888,331,Illinois,8
+13319999999,(331) 999-9999,331-999-9999,331,Illinois,9
+13321111111,(332) 111-1111,332-111-1111,332,New York,1
+13322222222,(332) 222-2222,332-222-2222,332,New York,2
+13323333333,(332) 333-3333,332-333-3333,332,New York,3
+13324444444,(332) 444-4444,332-444-4444,332,New York,4
+13325555555,(332) 555-5555,332-555-5555,332,New York,5
+13326666666,(332) 666-6666,332-666-6666,332,New York,6
+13327777777,(332) 777-7777,332-777-7777,332,New York,7
+13328888888,(332) 888-8888,332-888-8888,332,New York,8
+13329999999,(332) 999-9999,332-999-9999,332,New York,9
+13341111111,(334) 111-1111,334-111-1111,334,Alabama,1
+13342222222,(334) 222-2222,334-222-2222,334,Alabama,2
+13343333333,(334) 333-3333,334-333-3333,334,Alabama,3
+13344444444,(334) 444-4444,334-444-4444,334,Alabama,4
+13345555555,(334) 555-5555,334-555-5555,334,Alabama,5
+13346666666,(334) 666-6666,334-666-6666,334,Alabama,6
+13347777777,(334) 777-7777,334-777-7777,334,Alabama,7
+13348888888,(334) 888-8888,334-888-8888,334,Alabama,8
+13349999999,(334) 999-9999,334-999-9999,334,Alabama,9
+13361111111,(336) 111-1111,336-111-1111,336,North Carolina,1
+13362222222,(336) 222-2222,336-222-2222,336,North Carolina,2
+13363333333,(336) 333-3333,336-333-3333,336,North Carolina,3
+13364444444,(336) 444-4444,336-444-4444,336,North Carolina,4
+13365555555,(336) 555-5555,336-555-5555,336,North Carolina,5
+13366666666,(336) 666-6666,336-666-6666,336,North Carolina,6
+13367777777,(336) 777-7777,336-777-7777,336,North Carolina,7
+13368888888,(336) 888-8888,336-888-8888,336,North Carolina,8
+13369999999,(336) 999-9999,336-999-9999,336,North Carolina,9
+13371111111,(337) 111-1111,337-111-1111,337,Louisiana,1
+13372222222,(337) 222-2222,337-222-2222,337,Louisiana,2
+13373333333,(337) 333-3333,337-333-3333,337,Louisiana,3
+13374444444,(337) 444-4444,337-444-4444,337,Louisiana,4
+13375555555,(337) 555-5555,337-555-5555,337,Louisiana,5
+13376666666,(337) 666-6666,337-666-6666,337,Louisiana,6
+13377777777,(337) 777-7777,337-777-7777,337,Louisiana,7
+13378888888,(337) 888-8888,337-888-8888,337,Louisiana,8
+13379999999,(337) 999-9999,337-999-9999,337,Louisiana,9
+13391111111,(339) 111-1111,339-111-1111,339,Massachusetts,1
+13392222222,(339) 222-2222,339-222-2222,339,Massachusetts,2
+13393333333,(339) 333-3333,339-333-3333,339,Massachusetts,3
+13394444444,(339) 444-4444,339-444-4444,339,Massachusetts,4
+13395555555,(339) 555-5555,339-555-5555,339,Massachusetts,5
+13396666666,(339) 666-6666,339-666-6666,339,Massachusetts,6
+13397777777,(339) 777-7777,339-777-7777,339,Massachusetts,7
+13398888888,(339) 888-8888,339-888-8888,339,Massachusetts,8
+13399999999,(339) 999-9999,339-999-9999,339,Massachusetts,9
+13401111111,(340) 111-1111,340-111-1111,340,US Virgin Islands,1
+13402222222,(340) 222-2222,340-222-2222,340,US Virgin Islands,2
+13403333333,(340) 333-3333,340-333-3333,340,US Virgin Islands,3
+13404444444,(340) 444-4444,340-444-4444,340,US Virgin Islands,4
+13405555555,(340) 555-5555,340-555-5555,340,US Virgin Islands,5
+13406666666,(340) 666-6666,340-666-6666,340,US Virgin Islands,6
+13407777777,(340) 777-7777,340-777-7777,340,US Virgin Islands,7
+13408888888,(340) 888-8888,340-888-8888,340,US Virgin Islands,8
+13409999999,(340) 999-9999,340-999-9999,340,US Virgin Islands,9
+13411111111,(341) 111-1111,341-111-1111,341,California,1
+13412222222,(341) 222-2222,341-222-2222,341,California,2
+13413333333,(341) 333-3333,341-333-3333,341,California,3
+13414444444,(341) 444-4444,341-444-4444,341,California,4
+13415555555,(341) 555-5555,341-555-5555,341,California,5
+13416666666,(341) 666-6666,341-666-6666,341,California,6
+13417777777,(341) 777-7777,341-777-7777,341,California,7
+13418888888,(341) 888-8888,341-888-8888,341,California,8
+13419999999,(341) 999-9999,341-999-9999,341,California,9
+13461111111,(346) 111-1111,346-111-1111,346,Texas,1
+13462222222,(346) 222-2222,346-222-2222,346,Texas,2
+13463333333,(346) 333-3333,346-333-3333,346,Texas,3
+13464444444,(346) 444-4444,346-444-4444,346,Texas,4
+13465555555,(346) 555-5555,346-555-5555,346,Texas,5
+13466666666,(346) 666-6666,346-666-6666,346,Texas,6
+13467777777,(346) 777-7777,346-777-7777,346,Texas,7
+13468888888,(346) 888-8888,346-888-8888,346,Texas,8
+13469999999,(346) 999-9999,346-999-9999,346,Texas,9
+13471111111,(347) 111-1111,347-111-1111,347,New York,1
+13472222222,(347) 222-2222,347-222-2222,347,New York,2
+13473333333,(347) 333-3333,347-333-3333,347,New York,3
+13474444444,(347) 444-4444,347-444-4444,347,New York,4
+13475555555,(347) 555-5555,347-555-5555,347,New York,5
+13476666666,(347) 666-6666,347-666-6666,347,New York,6
+13477777777,(347) 777-7777,347-777-7777,347,New York,7
+13478888888,(347) 888-8888,347-888-8888,347,New York,8
+13479999999,(347) 999-9999,347-999-9999,347,New York,9
+13501111111,(350) 111-1111,350-111-1111,350,California,1
+13502222222,(350) 222-2222,350-222-2222,350,California,2
+13503333333,(350) 333-3333,350-333-3333,350,California,3
+13504444444,(350) 444-4444,350-444-4444,350,California,4
+13505555555,(350) 555-5555,350-555-5555,350,California,5
+13506666666,(350) 666-6666,350-666-6666,350,California,6
+13507777777,(350) 777-7777,350-777-7777,350,California,7
+13508888888,(350) 888-8888,350-888-8888,350,California,8
+13509999999,(350) 999-9999,350-999-9999,350,California,9
+13511111111,(351) 111-1111,351-111-1111,351,Massachusetts,1
+13512222222,(351) 222-2222,351-222-2222,351,Massachusetts,2
+13513333333,(351) 333-3333,351-333-3333,351,Massachusetts,3
+13514444444,(351) 444-4444,351-444-4444,351,Massachusetts,4
+13515555555,(351) 555-5555,351-555-5555,351,Massachusetts,5
+13516666666,(351) 666-6666,351-666-6666,351,Massachusetts,6
+13517777777,(351) 777-7777,351-777-7777,351,Massachusetts,7
+13518888888,(351) 888-8888,351-888-8888,351,Massachusetts,8
+13519999999,(351) 999-9999,351-999-9999,351,Massachusetts,9
+13521111111,(352) 111-1111,352-111-1111,352,Florida,1
+13522222222,(352) 222-2222,352-222-2222,352,Florida,2
+13523333333,(352) 333-3333,352-333-3333,352,Florida,3
+13524444444,(352) 444-4444,352-444-4444,352,Florida,4
+13525555555,(352) 555-5555,352-555-5555,352,Florida,5
+13526666666,(352) 666-6666,352-666-6666,352,Florida,6
+13527777777,(352) 777-7777,352-777-7777,352,Florida,7
+13528888888,(352) 888-8888,352-888-8888,352,Florida,8
+13529999999,(352) 999-9999,352-999-9999,352,Florida,9
+13531111111,(353) 111-1111,353-111-1111,353,Wisconsin,1
+13532222222,(353) 222-2222,353-222-2222,353,Wisconsin,2
+13533333333,(353) 333-3333,353-333-3333,353,Wisconsin,3
+13534444444,(353) 444-4444,353-444-4444,353,Wisconsin,4
+13535555555,(353) 555-5555,353-555-5555,353,Wisconsin,5
+13536666666,(353) 666-6666,353-666-6666,353,Wisconsin,6
+13537777777,(353) 777-7777,353-777-7777,353,Wisconsin,7
+13538888888,(353) 888-8888,353-888-8888,353,Wisconsin,8
+13539999999,(353) 999-9999,353-999-9999,353,Wisconsin,9
+13571111111,(357) 111-1111,357-111-1111,357,California,1
+13572222222,(357) 222-2222,357-222-2222,357,California,2
+13573333333,(357) 333-3333,357-333-3333,357,California,3
+13574444444,(357) 444-4444,357-444-4444,357,California,4
+13575555555,(357) 555-5555,357-555-5555,357,California,5
+13576666666,(357) 666-6666,357-666-6666,357,California,6
+13577777777,(357) 777-7777,357-777-7777,357,California,7
+13578888888,(357) 888-8888,357-888-8888,357,California,8
+13579999999,(357) 999-9999,357-999-9999,357,California,9
+13601111111,(360) 111-1111,360-111-1111,360,Washington,1
+13602222222,(360) 222-2222,360-222-2222,360,Washington,2
+13603333333,(360) 333-3333,360-333-3333,360,Washington,3
+13604444444,(360) 444-4444,360-444-4444,360,Washington,4
+13605555555,(360) 555-5555,360-555-5555,360,Washington,5
+13606666666,(360) 666-6666,360-666-6666,360,Washington,6
+13607777777,(360) 777-7777,360-777-7777,360,Washington,7
+13608888888,(360) 888-8888,360-888-8888,360,Washington,8
+13609999999,(360) 999-9999,360-999-9999,360,Washington,9
+13611111111,(361) 111-1111,361-111-1111,361,Texas,1
+13612222222,(361) 222-2222,361-222-2222,361,Texas,2
+13613333333,(361) 333-3333,361-333-3333,361,Texas,3
+13614444444,(361) 444-4444,361-444-4444,361,Texas,4
+13615555555,(361) 555-5555,361-555-5555,361,Texas,5
+13616666666,(361) 666-6666,361-666-6666,361,Texas,6
+13617777777,(361) 777-7777,361-777-7777,361,Texas,7
+13618888888,(361) 888-8888,361-888-8888,361,Texas,8
+13619999999,(361) 999-9999,361-999-9999,361,Texas,9
+13631111111,(363) 111-1111,363-111-1111,363,New York,1
+13632222222,(363) 222-2222,363-222-2222,363,New York,2
+13633333333,(363) 333-3333,363-333-3333,363,New York,3
+13634444444,(363) 444-4444,363-444-4444,363,New York,4
+13635555555,(363) 555-5555,363-555-5555,363,New York,5
+13636666666,(363) 666-6666,363-666-6666,363,New York,6
+13637777777,(363) 777-7777,363-777-7777,363,New York,7
+13638888888,(363) 888-8888,363-888-8888,363,New York,8
+13639999999,(363) 999-9999,363-999-9999,363,New York,9
+13641111111,(364) 111-1111,364-111-1111,364,Kentucky,1
+13642222222,(364) 222-2222,364-222-2222,364,Kentucky,2
+13643333333,(364) 333-3333,364-333-3333,364,Kentucky,3
+13644444444,(364) 444-4444,364-444-4444,364,Kentucky,4
+13645555555,(364) 555-5555,364-555-5555,364,Kentucky,5
+13646666666,(364) 666-6666,364-666-6666,364,Kentucky,6
+13647777777,(364) 777-7777,364-777-7777,364,Kentucky,7
+13648888888,(364) 888-8888,364-888-8888,364,Kentucky,8
+13649999999,(364) 999-9999,364-999-9999,364,Kentucky,9
+13691111111,(369) 111-1111,369-111-1111,369,California,1
+13692222222,(369) 222-2222,369-222-2222,369,California,2
+13693333333,(369) 333-3333,369-333-3333,369,California,3
+13694444444,(369) 444-4444,369-444-4444,369,California,4
+13695555555,(369) 555-5555,369-555-5555,369,California,5
+13696666666,(369) 666-6666,369-666-6666,369,California,6
+13697777777,(369) 777-7777,369-777-7777,369,California,7
+13698888888,(369) 888-8888,369-888-8888,369,California,8
+13699999999,(369) 999-9999,369-999-9999,369,California,9
+13801111111,(380) 111-1111,380-111-1111,380,Ohio,1
+13802222222,(380) 222-2222,380-222-2222,380,Ohio,2
+13803333333,(380) 333-3333,380-333-3333,380,Ohio,3
+13804444444,(380) 444-4444,380-444-4444,380,Ohio,4
+13805555555,(380) 555-5555,380-555-5555,380,Ohio,5
+13806666666,(380) 666-6666,380-666-6666,380,Ohio,6
+13807777777,(380) 777-7777,380-777-7777,380,Ohio,7
+13808888888,(380) 888-8888,380-888-8888,380,Ohio,8
+13809999999,(380) 999-9999,380-999-9999,380,Ohio,9
+13851111111,(385) 111-1111,385-111-1111,385,Utah,1
+13852222222,(385) 222-2222,385-222-2222,385,Utah,2
+13853333333,(385) 333-3333,385-333-3333,385,Utah,3
+13854444444,(385) 444-4444,385-444-4444,385,Utah,4
+13855555555,(385) 555-5555,385-555-5555,385,Utah,5
+13856666666,(385) 666-6666,385-666-6666,385,Utah,6
+13857777777,(385) 777-7777,385-777-7777,385,Utah,7
+13858888888,(385) 888-8888,385-888-8888,385,Utah,8
+13859999999,(385) 999-9999,385-999-9999,385,Utah,9
+13861111111,(386) 111-1111,386-111-1111,386,Florida,1
+13862222222,(386) 222-2222,386-222-2222,386,Florida,2
+13863333333,(386) 333-3333,386-333-3333,386,Florida,3
+13864444444,(386) 444-4444,386-444-4444,386,Florida,4
+13865555555,(386) 555-5555,386-555-5555,386,Florida,5
+13866666666,(386) 666-6666,386-666-6666,386,Florida,6
+13867777777,(386) 777-7777,386-777-7777,386,Florida,7
+13868888888,(386) 888-8888,386-888-8888,386,Florida,8
+13869999999,(386) 999-9999,386-999-9999,386,Florida,9
+14011111111,(401) 111-1111,401-111-1111,401,Rhode Island,1
+14012222222,(401) 222-2222,401-222-2222,401,Rhode Island,2
+14013333333,(401) 333-3333,401-333-3333,401,Rhode Island,3
+14014444444,(401) 444-4444,401-444-4444,401,Rhode Island,4
+14015555555,(401) 555-5555,401-555-5555,401,Rhode Island,5
+14016666666,(401) 666-6666,401-666-6666,401,Rhode Island,6
+14017777777,(401) 777-7777,401-777-7777,401,Rhode Island,7
+14018888888,(401) 888-8888,401-888-8888,401,Rhode Island,8
+14019999999,(401) 999-9999,401-999-9999,401,Rhode Island,9
+14021111111,(402) 111-1111,402-111-1111,402,Nebraska,1
+14022222222,(402) 222-2222,402-222-2222,402,Nebraska,2
+14023333333,(402) 333-3333,402-333-3333,402,Nebraska,3
+14024444444,(402) 444-4444,402-444-4444,402,Nebraska,4
+14025555555,(402) 555-5555,402-555-5555,402,Nebraska,5
+14026666666,(402) 666-6666,402-666-6666,402,Nebraska,6
+14027777777,(402) 777-7777,402-777-7777,402,Nebraska,7
+14028888888,(402) 888-8888,402-888-8888,402,Nebraska,8
+14029999999,(402) 999-9999,402-999-9999,402,Nebraska,9
+14041111111,(404) 111-1111,404-111-1111,404,Georgia,1
+14042222222,(404) 222-2222,404-222-2222,404,Georgia,2
+14043333333,(404) 333-3333,404-333-3333,404,Georgia,3
+14044444444,(404) 444-4444,404-444-4444,404,Georgia,4
+14045555555,(404) 555-5555,404-555-5555,404,Georgia,5
+14046666666,(404) 666-6666,404-666-6666,404,Georgia,6
+14047777777,(404) 777-7777,404-777-7777,404,Georgia,7
+14048888888,(404) 888-8888,404-888-8888,404,Georgia,8
+14049999999,(404) 999-9999,404-999-9999,404,Georgia,9
+14051111111,(405) 111-1111,405-111-1111,405,Oklahoma,1
+14052222222,(405) 222-2222,405-222-2222,405,Oklahoma,2
+14053333333,(405) 333-3333,405-333-3333,405,Oklahoma,3
+14054444444,(405) 444-4444,405-444-4444,405,Oklahoma,4
+14055555555,(405) 555-5555,405-555-5555,405,Oklahoma,5
+14056666666,(405) 666-6666,405-666-6666,405,Oklahoma,6
+14057777777,(405) 777-7777,405-777-7777,405,Oklahoma,7
+14058888888,(405) 888-8888,405-888-8888,405,Oklahoma,8
+14059999999,(405) 999-9999,405-999-9999,405,Oklahoma,9
+14061111111,(406) 111-1111,406-111-1111,406,Montana,1
+14062222222,(406) 222-2222,406-222-2222,406,Montana,2
+14063333333,(406) 333-3333,406-333-3333,406,Montana,3
+14064444444,(406) 444-4444,406-444-4444,406,Montana,4
+14065555555,(406) 555-5555,406-555-5555,406,Montana,5
+14066666666,(406) 666-6666,406-666-6666,406,Montana,6
+14067777777,(406) 777-7777,406-777-7777,406,Montana,7
+14068888888,(406) 888-8888,406-888-8888,406,Montana,8
+14069999999,(406) 999-9999,406-999-9999,406,Montana,9
+14071111111,(407) 111-1111,407-111-1111,407,Florida,1
+14072222222,(407) 222-2222,407-222-2222,407,Florida,2
+14073333333,(407) 333-3333,407-333-3333,407,Florida,3
+14074444444,(407) 444-4444,407-444-4444,407,Florida,4
+14075555555,(407) 555-5555,407-555-5555,407,Florida,5
+14076666666,(407) 666-6666,407-666-6666,407,Florida,6
+14077777777,(407) 777-7777,407-777-7777,407,Florida,7
+14078888888,(407) 888-8888,407-888-8888,407,Florida,8
+14079999999,(407) 999-9999,407-999-9999,407,Florida,9
+14081111111,(408) 111-1111,408-111-1111,408,California,1
+14082222222,(408) 222-2222,408-222-2222,408,California,2
+14083333333,(408) 333-3333,408-333-3333,408,California,3
+14084444444,(408) 444-4444,408-444-4444,408,California,4
+14085555555,(408) 555-5555,408-555-5555,408,California,5
+14086666666,(408) 666-6666,408-666-6666,408,California,6
+14087777777,(408) 777-7777,408-777-7777,408,California,7
+14088888888,(408) 888-8888,408-888-8888,408,California,8
+14089999999,(408) 999-9999,408-999-9999,408,California,9
+14091111111,(409) 111-1111,409-111-1111,409,Texas,1
+14092222222,(409) 222-2222,409-222-2222,409,Texas,2
+14093333333,(409) 333-3333,409-333-3333,409,Texas,3
+14094444444,(409) 444-4444,409-444-4444,409,Texas,4
+14095555555,(409) 555-5555,409-555-5555,409,Texas,5
+14096666666,(409) 666-6666,409-666-6666,409,Texas,6
+14097777777,(409) 777-7777,409-777-7777,409,Texas,7
+14098888888,(409) 888-8888,409-888-8888,409,Texas,8
+14099999999,(409) 999-9999,409-999-9999,409,Texas,9
+14101111111,(410) 111-1111,410-111-1111,410,Maryland,1
+14102222222,(410) 222-2222,410-222-2222,410,Maryland,2
+14103333333,(410) 333-3333,410-333-3333,410,Maryland,3
+14104444444,(410) 444-4444,410-444-4444,410,Maryland,4
+14105555555,(410) 555-5555,410-555-5555,410,Maryland,5
+14106666666,(410) 666-6666,410-666-6666,410,Maryland,6
+14107777777,(410) 777-7777,410-777-7777,410,Maryland,7
+14108888888,(410) 888-8888,410-888-8888,410,Maryland,8
+14109999999,(410) 999-9999,410-999-9999,410,Maryland,9
+14121111111,(412) 111-1111,412-111-1111,412,Pennsylvania,1
+14122222222,(412) 222-2222,412-222-2222,412,Pennsylvania,2
+14123333333,(412) 333-3333,412-333-3333,412,Pennsylvania,3
+14124444444,(412) 444-4444,412-444-4444,412,Pennsylvania,4
+14125555555,(412) 555-5555,412-555-5555,412,Pennsylvania,5
+14126666666,(412) 666-6666,412-666-6666,412,Pennsylvania,6
+14127777777,(412) 777-7777,412-777-7777,412,Pennsylvania,7
+14128888888,(412) 888-8888,412-888-8888,412,Pennsylvania,8
+14129999999,(412) 999-9999,412-999-9999,412,Pennsylvania,9
+14131111111,(413) 111-1111,413-111-1111,413,Massachusetts,1
+14132222222,(413) 222-2222,413-222-2222,413,Massachusetts,2
+14133333333,(413) 333-3333,413-333-3333,413,Massachusetts,3
+14134444444,(413) 444-4444,413-444-4444,413,Massachusetts,4
+14135555555,(413) 555-5555,413-555-5555,413,Massachusetts,5
+14136666666,(413) 666-6666,413-666-6666,413,Massachusetts,6
+14137777777,(413) 777-7777,413-777-7777,413,Massachusetts,7
+14138888888,(413) 888-8888,413-888-8888,413,Massachusetts,8
+14139999999,(413) 999-9999,413-999-9999,413,Massachusetts,9
+14141111111,(414) 111-1111,414-111-1111,414,Wisconsin,1
+14142222222,(414) 222-2222,414-222-2222,414,Wisconsin,2
+14143333333,(414) 333-3333,414-333-3333,414,Wisconsin,3
+14144444444,(414) 444-4444,414-444-4444,414,Wisconsin,4
+14145555555,(414) 555-5555,414-555-5555,414,Wisconsin,5
+14146666666,(414) 666-6666,414-666-6666,414,Wisconsin,6
+14147777777,(414) 777-7777,414-777-7777,414,Wisconsin,7
+14148888888,(414) 888-8888,414-888-8888,414,Wisconsin,8
+14149999999,(414) 999-9999,414-999-9999,414,Wisconsin,9
+14151111111,(415) 111-1111,415-111-1111,415,California,1
+14152222222,(415) 222-2222,415-222-2222,415,California,2
+14153333333,(415) 333-3333,415-333-3333,415,California,3
+14154444444,(415) 444-4444,415-444-4444,415,California,4
+14155555555,(415) 555-5555,415-555-5555,415,California,5
+14156666666,(415) 666-6666,415-666-6666,415,California,6
+14157777777,(415) 777-7777,415-777-7777,415,California,7
+14158888888,(415) 888-8888,415-888-8888,415,California,8
+14159999999,(415) 999-9999,415-999-9999,415,California,9
+14171111111,(417) 111-1111,417-111-1111,417,Missouri,1
+14172222222,(417) 222-2222,417-222-2222,417,Missouri,2
+14173333333,(417) 333-3333,417-333-3333,417,Missouri,3
+14174444444,(417) 444-4444,417-444-4444,417,Missouri,4
+14175555555,(417) 555-5555,417-555-5555,417,Missouri,5
+14176666666,(417) 666-6666,417-666-6666,417,Missouri,6
+14177777777,(417) 777-7777,417-777-7777,417,Missouri,7
+14178888888,(417) 888-8888,417-888-8888,417,Missouri,8
+14179999999,(417) 999-9999,417-999-9999,417,Missouri,9
+14191111111,(419) 111-1111,419-111-1111,419,Ohio,1
+14192222222,(419) 222-2222,419-222-2222,419,Ohio,2
+14193333333,(419) 333-3333,419-333-3333,419,Ohio,3
+14194444444,(419) 444-4444,419-444-4444,419,Ohio,4
+14195555555,(419) 555-5555,419-555-5555,419,Ohio,5
+14196666666,(419) 666-6666,419-666-6666,419,Ohio,6
+14197777777,(419) 777-7777,419-777-7777,419,Ohio,7
+14198888888,(419) 888-8888,419-888-8888,419,Ohio,8
+14199999999,(419) 999-9999,419-999-9999,419,Ohio,9
+14231111111,(423) 111-1111,423-111-1111,423,Tennessee,1
+14232222222,(423) 222-2222,423-222-2222,423,Tennessee,2
+14233333333,(423) 333-3333,423-333-3333,423,Tennessee,3
+14234444444,(423) 444-4444,423-444-4444,423,Tennessee,4
+14235555555,(423) 555-5555,423-555-5555,423,Tennessee,5
+14236666666,(423) 666-6666,423-666-6666,423,Tennessee,6
+14237777777,(423) 777-7777,423-777-7777,423,Tennessee,7
+14238888888,(423) 888-8888,423-888-8888,423,Tennessee,8
+14239999999,(423) 999-9999,423-999-9999,423,Tennessee,9
+14241111111,(424) 111-1111,424-111-1111,424,California,1
+14242222222,(424) 222-2222,424-222-2222,424,California,2
+14243333333,(424) 333-3333,424-333-3333,424,California,3
+14244444444,(424) 444-4444,424-444-4444,424,California,4
+14245555555,(424) 555-5555,424-555-5555,424,California,5
+14246666666,(424) 666-6666,424-666-6666,424,California,6
+14247777777,(424) 777-7777,424-777-7777,424,California,7
+14248888888,(424) 888-8888,424-888-8888,424,California,8
+14249999999,(424) 999-9999,424-999-9999,424,California,9
+14251111111,(425) 111-1111,425-111-1111,425,Washington,1
+14252222222,(425) 222-2222,425-222-2222,425,Washington,2
+14253333333,(425) 333-3333,425-333-3333,425,Washington,3
+14254444444,(425) 444-4444,425-444-4444,425,Washington,4
+14255555555,(425) 555-5555,425-555-5555,425,Washington,5
+14256666666,(425) 666-6666,425-666-6666,425,Washington,6
+14257777777,(425) 777-7777,425-777-7777,425,Washington,7
+14258888888,(425) 888-8888,425-888-8888,425,Washington,8
+14259999999,(425) 999-9999,425-999-9999,425,Washington,9
+14301111111,(430) 111-1111,430-111-1111,430,Texas,1
+14302222222,(430) 222-2222,430-222-2222,430,Texas,2
+14303333333,(430) 333-3333,430-333-3333,430,Texas,3
+14304444444,(430) 444-4444,430-444-4444,430,Texas,4
+14305555555,(430) 555-5555,430-555-5555,430,Texas,5
+14306666666,(430) 666-6666,430-666-6666,430,Texas,6
+14307777777,(430) 777-7777,430-777-7777,430,Texas,7
+14308888888,(430) 888-8888,430-888-8888,430,Texas,8
+14309999999,(430) 999-9999,430-999-9999,430,Texas,9
+14321111111,(432) 111-1111,432-111-1111,432,Texas,1
+14322222222,(432) 222-2222,432-222-2222,432,Texas,2
+14323333333,(432) 333-3333,432-333-3333,432,Texas,3
+14324444444,(432) 444-4444,432-444-4444,432,Texas,4
+14325555555,(432) 555-5555,432-555-5555,432,Texas,5
+14326666666,(432) 666-6666,432-666-6666,432,Texas,6
+14327777777,(432) 777-7777,432-777-7777,432,Texas,7
+14328888888,(432) 888-8888,432-888-8888,432,Texas,8
+14329999999,(432) 999-9999,432-999-9999,432,Texas,9
+14341111111,(434) 111-1111,434-111-1111,434,Virginia,1
+14342222222,(434) 222-2222,434-222-2222,434,Virginia,2
+14343333333,(434) 333-3333,434-333-3333,434,Virginia,3
+14344444444,(434) 444-4444,434-444-4444,434,Virginia,4
+14345555555,(434) 555-5555,434-555-5555,434,Virginia,5
+14346666666,(434) 666-6666,434-666-6666,434,Virginia,6
+14347777777,(434) 777-7777,434-777-7777,434,Virginia,7
+14348888888,(434) 888-8888,434-888-8888,434,Virginia,8
+14349999999,(434) 999-9999,434-999-9999,434,Virginia,9
+14351111111,(435) 111-1111,435-111-1111,435,Utah,1
+14352222222,(435) 222-2222,435-222-2222,435,Utah,2
+14353333333,(435) 333-3333,435-333-3333,435,Utah,3
+14354444444,(435) 444-4444,435-444-4444,435,Utah,4
+14355555555,(435) 555-5555,435-555-5555,435,Utah,5
+14356666666,(435) 666-6666,435-666-6666,435,Utah,6
+14357777777,(435) 777-7777,435-777-7777,435,Utah,7
+14358888888,(435) 888-8888,435-888-8888,435,Utah,8
+14359999999,(435) 999-9999,435-999-9999,435,Utah,9
+14361111111,(436) 111-1111,436-111-1111,436,Ohio,1
+14362222222,(436) 222-2222,436-222-2222,436,Ohio,2
+14363333333,(436) 333-3333,436-333-3333,436,Ohio,3
+14364444444,(436) 444-4444,436-444-4444,436,Ohio,4
+14365555555,(436) 555-5555,436-555-5555,436,Ohio,5
+14366666666,(436) 666-6666,436-666-6666,436,Ohio,6
+14367777777,(436) 777-7777,436-777-7777,436,Ohio,7
+14368888888,(436) 888-8888,436-888-8888,436,Ohio,8
+14369999999,(436) 999-9999,436-999-9999,436,Ohio,9
+14401111111,(440) 111-1111,440-111-1111,440,Ohio,1
+14402222222,(440) 222-2222,440-222-2222,440,Ohio,2
+14403333333,(440) 333-3333,440-333-3333,440,Ohio,3
+14404444444,(440) 444-4444,440-444-4444,440,Ohio,4
+14405555555,(440) 555-5555,440-555-5555,440,Ohio,5
+14406666666,(440) 666-6666,440-666-6666,440,Ohio,6
+14407777777,(440) 777-7777,440-777-7777,440,Ohio,7
+14408888888,(440) 888-8888,440-888-8888,440,Ohio,8
+14409999999,(440) 999-9999,440-999-9999,440,Ohio,9
+14421111111,(442) 111-1111,442-111-1111,442,California,1
+14422222222,(442) 222-2222,442-222-2222,442,California,2
+14423333333,(442) 333-3333,442-333-3333,442,California,3
+14424444444,(442) 444-4444,442-444-4444,442,California,4
+14425555555,(442) 555-5555,442-555-5555,442,California,5
+14426666666,(442) 666-6666,442-666-6666,442,California,6
+14427777777,(442) 777-7777,442-777-7777,442,California,7
+14428888888,(442) 888-8888,442-888-8888,442,California,8
+14429999999,(442) 999-9999,442-999-9999,442,California,9
+14431111111,(443) 111-1111,443-111-1111,443,Maryland,1
+14432222222,(443) 222-2222,443-222-2222,443,Maryland,2
+14433333333,(443) 333-3333,443-333-3333,443,Maryland,3
+14434444444,(443) 444-4444,443-444-4444,443,Maryland,4
+14435555555,(443) 555-5555,443-555-5555,443,Maryland,5
+14436666666,(443) 666-6666,443-666-6666,443,Maryland,6
+14437777777,(443) 777-7777,443-777-7777,443,Maryland,7
+14438888888,(443) 888-8888,443-888-8888,443,Maryland,8
+14439999999,(443) 999-9999,443-999-9999,443,Maryland,9
+14451111111,(445) 111-1111,445-111-1111,445,Pennsylvania,1
+14452222222,(445) 222-2222,445-222-2222,445,Pennsylvania,2
+14453333333,(445) 333-3333,445-333-3333,445,Pennsylvania,3
+14454444444,(445) 444-4444,445-444-4444,445,Pennsylvania,4
+14455555555,(445) 555-5555,445-555-5555,445,Pennsylvania,5
+14456666666,(445) 666-6666,445-666-6666,445,Pennsylvania,6
+14457777777,(445) 777-7777,445-777-7777,445,Pennsylvania,7
+14458888888,(445) 888-8888,445-888-8888,445,Pennsylvania,8
+14459999999,(445) 999-9999,445-999-9999,445,Pennsylvania,9
+14471111111,(447) 111-1111,447-111-1111,447,Illinois,1
+14472222222,(447) 222-2222,447-222-2222,447,Illinois,2
+14473333333,(447) 333-3333,447-333-3333,447,Illinois,3
+14474444444,(447) 444-4444,447-444-4444,447,Illinois,4
+14475555555,(447) 555-5555,447-555-5555,447,Illinois,5
+14476666666,(447) 666-6666,447-666-6666,447,Illinois,6
+14477777777,(447) 777-7777,447-777-7777,447,Illinois,7
+14478888888,(447) 888-8888,447-888-8888,447,Illinois,8
+14479999999,(447) 999-9999,447-999-9999,447,Illinois,9
+14481111111,(448) 111-1111,448-111-1111,448,Florida,1
+14482222222,(448) 222-2222,448-222-2222,448,Florida,2
+14483333333,(448) 333-3333,448-333-3333,448,Florida,3
+14484444444,(448) 444-4444,448-444-4444,448,Florida,4
+14485555555,(448) 555-5555,448-555-5555,448,Florida,5
+14486666666,(448) 666-6666,448-666-6666,448,Florida,6
+14487777777,(448) 777-7777,448-777-7777,448,Florida,7
+14488888888,(448) 888-8888,448-888-8888,448,Florida,8
+14489999999,(448) 999-9999,448-999-9999,448,Florida,9
+14571111111,(457) 111-1111,457-111-1111,457,Louisiana,1
+14572222222,(457) 222-2222,457-222-2222,457,Louisiana,2
+14573333333,(457) 333-3333,457-333-3333,457,Louisiana,3
+14574444444,(457) 444-4444,457-444-4444,457,Louisiana,4
+14575555555,(457) 555-5555,457-555-5555,457,Louisiana,5
+14576666666,(457) 666-6666,457-666-6666,457,Louisiana,6
+14577777777,(457) 777-7777,457-777-7777,457,Louisiana,7
+14578888888,(457) 888-8888,457-888-8888,457,Louisiana,8
+14579999999,(457) 999-9999,457-999-9999,457,Louisiana,9
+14581111111,(458) 111-1111,458-111-1111,458,Oregon,1
+14582222222,(458) 222-2222,458-222-2222,458,Oregon,2
+14583333333,(458) 333-3333,458-333-3333,458,Oregon,3
+14584444444,(458) 444-4444,458-444-4444,458,Oregon,4
+14585555555,(458) 555-5555,458-555-5555,458,Oregon,5
+14586666666,(458) 666-6666,458-666-6666,458,Oregon,6
+14587777777,(458) 777-7777,458-777-7777,458,Oregon,7
+14588888888,(458) 888-8888,458-888-8888,458,Oregon,8
+14589999999,(458) 999-9999,458-999-9999,458,Oregon,9
+14631111111,(463) 111-1111,463-111-1111,463,Indiana,1
+14632222222,(463) 222-2222,463-222-2222,463,Indiana,2
+14633333333,(463) 333-3333,463-333-3333,463,Indiana,3
+14634444444,(463) 444-4444,463-444-4444,463,Indiana,4
+14635555555,(463) 555-5555,463-555-5555,463,Indiana,5
+14636666666,(463) 666-6666,463-666-6666,463,Indiana,6
+14637777777,(463) 777-7777,463-777-7777,463,Indiana,7
+14638888888,(463) 888-8888,463-888-8888,463,Indiana,8
+14639999999,(463) 999-9999,463-999-9999,463,Indiana,9
+14641111111,(464) 111-1111,464-111-1111,464,Illinois,1
+14642222222,(464) 222-2222,464-222-2222,464,Illinois,2
+14643333333,(464) 333-3333,464-333-3333,464,Illinois,3
+14644444444,(464) 444-4444,464-444-4444,464,Illinois,4
+14645555555,(464) 555-5555,464-555-5555,464,Illinois,5
+14646666666,(464) 666-6666,464-666-6666,464,Illinois,6
+14647777777,(464) 777-7777,464-777-7777,464,Illinois,7
+14648888888,(464) 888-8888,464-888-8888,464,Illinois,8
+14649999999,(464) 999-9999,464-999-9999,464,Illinois,9
+14691111111,(469) 111-1111,469-111-1111,469,Texas,1
+14692222222,(469) 222-2222,469-222-2222,469,Texas,2
+14693333333,(469) 333-3333,469-333-3333,469,Texas,3
+14694444444,(469) 444-4444,469-444-4444,469,Texas,4
+14695555555,(469) 555-5555,469-555-5555,469,Texas,5
+14696666666,(469) 666-6666,469-666-6666,469,Texas,6
+14697777777,(469) 777-7777,469-777-7777,469,Texas,7
+14698888888,(469) 888-8888,469-888-8888,469,Texas,8
+14699999999,(469) 999-9999,469-999-9999,469,Texas,9
+14701111111,(470) 111-1111,470-111-1111,470,Georgia,1
+14702222222,(470) 222-2222,470-222-2222,470,Georgia,2
+14703333333,(470) 333-3333,470-333-3333,470,Georgia,3
+14704444444,(470) 444-4444,470-444-4444,470,Georgia,4
+14705555555,(470) 555-5555,470-555-5555,470,Georgia,5
+14706666666,(470) 666-6666,470-666-6666,470,Georgia,6
+14707777777,(470) 777-7777,470-777-7777,470,Georgia,7
+14708888888,(470) 888-8888,470-888-8888,470,Georgia,8
+14709999999,(470) 999-9999,470-999-9999,470,Georgia,9
+14711111111,(471) 111-1111,471-111-1111,471,Mississippi,1
+14712222222,(471) 222-2222,471-222-2222,471,Mississippi,2
+14713333333,(471) 333-3333,471-333-3333,471,Mississippi,3
+14714444444,(471) 444-4444,471-444-4444,471,Mississippi,4
+14715555555,(471) 555-5555,471-555-5555,471,Mississippi,5
+14716666666,(471) 666-6666,471-666-6666,471,Mississippi,6
+14717777777,(471) 777-7777,471-777-7777,471,Mississippi,7
+14718888888,(471) 888-8888,471-888-8888,471,Mississippi,8
+14719999999,(471) 999-9999,471-999-9999,471,Mississippi,9
+14721111111,(472) 111-1111,472-111-1111,472,North Carolina,1
+14722222222,(472) 222-2222,472-222-2222,472,North Carolina,2
+14723333333,(472) 333-3333,472-333-3333,472,North Carolina,3
+14724444444,(472) 444-4444,472-444-4444,472,North Carolina,4
+14725555555,(472) 555-5555,472-555-5555,472,North Carolina,5
+14726666666,(472) 666-6666,472-666-6666,472,North Carolina,6
+14727777777,(472) 777-7777,472-777-7777,472,North Carolina,7
+14728888888,(472) 888-8888,472-888-8888,472,North Carolina,8
+14729999999,(472) 999-9999,472-999-9999,472,North Carolina,9
+14751111111,(475) 111-1111,475-111-1111,475,Connecticut,1
+14752222222,(475) 222-2222,475-222-2222,475,Connecticut,2
+14753333333,(475) 333-3333,475-333-3333,475,Connecticut,3
+14754444444,(475) 444-4444,475-444-4444,475,Connecticut,4
+14755555555,(475) 555-5555,475-555-5555,475,Connecticut,5
+14756666666,(475) 666-6666,475-666-6666,475,Connecticut,6
+14757777777,(475) 777-7777,475-777-7777,475,Connecticut,7
+14758888888,(475) 888-8888,475-888-8888,475,Connecticut,8
+14759999999,(475) 999-9999,475-999-9999,475,Connecticut,9
+14781111111,(478) 111-1111,478-111-1111,478,Georgia,1
+14782222222,(478) 222-2222,478-222-2222,478,Georgia,2
+14783333333,(478) 333-3333,478-333-3333,478,Georgia,3
+14784444444,(478) 444-4444,478-444-4444,478,Georgia,4
+14785555555,(478) 555-5555,478-555-5555,478,Georgia,5
+14786666666,(478) 666-6666,478-666-6666,478,Georgia,6
+14787777777,(478) 777-7777,478-777-7777,478,Georgia,7
+14788888888,(478) 888-8888,478-888-8888,478,Georgia,8
+14789999999,(478) 999-9999,478-999-9999,478,Georgia,9
+14791111111,(479) 111-1111,479-111-1111,479,Arkansas,1
+14792222222,(479) 222-2222,479-222-2222,479,Arkansas,2
+14793333333,(479) 333-3333,479-333-3333,479,Arkansas,3
+14794444444,(479) 444-4444,479-444-4444,479,Arkansas,4
+14795555555,(479) 555-5555,479-555-5555,479,Arkansas,5
+14796666666,(479) 666-6666,479-666-6666,479,Arkansas,6
+14797777777,(479) 777-7777,479-777-7777,479,Arkansas,7
+14798888888,(479) 888-8888,479-888-8888,479,Arkansas,8
+14799999999,(479) 999-9999,479-999-9999,479,Arkansas,9
+14801111111,(480) 111-1111,480-111-1111,480,Arizona,1
+14802222222,(480) 222-2222,480-222-2222,480,Arizona,2
+14803333333,(480) 333-3333,480-333-3333,480,Arizona,3
+14804444444,(480) 444-4444,480-444-4444,480,Arizona,4
+14805555555,(480) 555-5555,480-555-5555,480,Arizona,5
+14806666666,(480) 666-6666,480-666-6666,480,Arizona,6
+14807777777,(480) 777-7777,480-777-7777,480,Arizona,7
+14808888888,(480) 888-8888,480-888-8888,480,Arizona,8
+14809999999,(480) 999-9999,480-999-9999,480,Arizona,9
+14831111111,(483) 111-1111,483-111-1111,483,Alabama,1
+14832222222,(483) 222-2222,483-222-2222,483,Alabama,2
+14833333333,(483) 333-3333,483-333-3333,483,Alabama,3
+14834444444,(483) 444-4444,483-444-4444,483,Alabama,4
+14835555555,(483) 555-5555,483-555-5555,483,Alabama,5
+14836666666,(483) 666-6666,483-666-6666,483,Alabama,6
+14837777777,(483) 777-7777,483-777-7777,483,Alabama,7
+14838888888,(483) 888-8888,483-888-8888,483,Alabama,8
+14839999999,(483) 999-9999,483-999-9999,483,Alabama,9
+14841111111,(484) 111-1111,484-111-1111,484,Pennsylvania,1
+14842222222,(484) 222-2222,484-222-2222,484,Pennsylvania,2
+14843333333,(484) 333-3333,484-333-3333,484,Pennsylvania,3
+14844444444,(484) 444-4444,484-444-4444,484,Pennsylvania,4
+14845555555,(484) 555-5555,484-555-5555,484,Pennsylvania,5
+14846666666,(484) 666-6666,484-666-6666,484,Pennsylvania,6
+14847777777,(484) 777-7777,484-777-7777,484,Pennsylvania,7
+14848888888,(484) 888-8888,484-888-8888,484,Pennsylvania,8
+14849999999,(484) 999-9999,484-999-9999,484,Pennsylvania,9
+15011111111,(501) 111-1111,501-111-1111,501,Arkansas,1
+15012222222,(501) 222-2222,501-222-2222,501,Arkansas,2
+15013333333,(501) 333-3333,501-333-3333,501,Arkansas,3
+15014444444,(501) 444-4444,501-444-4444,501,Arkansas,4
+15015555555,(501) 555-5555,501-555-5555,501,Arkansas,5
+15016666666,(501) 666-6666,501-666-6666,501,Arkansas,6
+15017777777,(501) 777-7777,501-777-7777,501,Arkansas,7
+15018888888,(501) 888-8888,501-888-8888,501,Arkansas,8
+15019999999,(501) 999-9999,501-999-9999,501,Arkansas,9
+15021111111,(502) 111-1111,502-111-1111,502,Kentucky,1
+15022222222,(502) 222-2222,502-222-2222,502,Kentucky,2
+15023333333,(502) 333-3333,502-333-3333,502,Kentucky,3
+15024444444,(502) 444-4444,502-444-4444,502,Kentucky,4
+15025555555,(502) 555-5555,502-555-5555,502,Kentucky,5
+15026666666,(502) 666-6666,502-666-6666,502,Kentucky,6
+15027777777,(502) 777-7777,502-777-7777,502,Kentucky,7
+15028888888,(502) 888-8888,502-888-8888,502,Kentucky,8
+15029999999,(502) 999-9999,502-999-9999,502,Kentucky,9
+15031111111,(503) 111-1111,503-111-1111,503,Oregon,1
+15032222222,(503) 222-2222,503-222-2222,503,Oregon,2
+15033333333,(503) 333-3333,503-333-3333,503,Oregon,3
+15034444444,(503) 444-4444,503-444-4444,503,Oregon,4
+15035555555,(503) 555-5555,503-555-5555,503,Oregon,5
+15036666666,(503) 666-6666,503-666-6666,503,Oregon,6
+15037777777,(503) 777-7777,503-777-7777,503,Oregon,7
+15038888888,(503) 888-8888,503-888-8888,503,Oregon,8
+15039999999,(503) 999-9999,503-999-9999,503,Oregon,9
+15041111111,(504) 111-1111,504-111-1111,504,Louisiana,1
+15042222222,(504) 222-2222,504-222-2222,504,Louisiana,2
+15043333333,(504) 333-3333,504-333-3333,504,Louisiana,3
+15044444444,(504) 444-4444,504-444-4444,504,Louisiana,4
+15045555555,(504) 555-5555,504-555-5555,504,Louisiana,5
+15046666666,(504) 666-6666,504-666-6666,504,Louisiana,6
+15047777777,(504) 777-7777,504-777-7777,504,Louisiana,7
+15048888888,(504) 888-8888,504-888-8888,504,Louisiana,8
+15049999999,(504) 999-9999,504-999-9999,504,Louisiana,9
+15051111111,(505) 111-1111,505-111-1111,505,New Mexico,1
+15052222222,(505) 222-2222,505-222-2222,505,New Mexico,2
+15053333333,(505) 333-3333,505-333-3333,505,New Mexico,3
+15054444444,(505) 444-4444,505-444-4444,505,New Mexico,4
+15055555555,(505) 555-5555,505-555-5555,505,New Mexico,5
+15056666666,(505) 666-6666,505-666-6666,505,New Mexico,6
+15057777777,(505) 777-7777,505-777-7777,505,New Mexico,7
+15058888888,(505) 888-8888,505-888-8888,505,New Mexico,8
+15059999999,(505) 999-9999,505-999-9999,505,New Mexico,9
+15071111111,(507) 111-1111,507-111-1111,507,Minnesota,1
+15072222222,(507) 222-2222,507-222-2222,507,Minnesota,2
+15073333333,(507) 333-3333,507-333-3333,507,Minnesota,3
+15074444444,(507) 444-4444,507-444-4444,507,Minnesota,4
+15075555555,(507) 555-5555,507-555-5555,507,Minnesota,5
+15076666666,(507) 666-6666,507-666-6666,507,Minnesota,6
+15077777777,(507) 777-7777,507-777-7777,507,Minnesota,7
+15078888888,(507) 888-8888,507-888-8888,507,Minnesota,8
+15079999999,(507) 999-9999,507-999-9999,507,Minnesota,9
+15081111111,(508) 111-1111,508-111-1111,508,Massachusetts,1
+15082222222,(508) 222-2222,508-222-2222,508,Massachusetts,2
+15083333333,(508) 333-3333,508-333-3333,508,Massachusetts,3
+15084444444,(508) 444-4444,508-444-4444,508,Massachusetts,4
+15085555555,(508) 555-5555,508-555-5555,508,Massachusetts,5
+15086666666,(508) 666-6666,508-666-6666,508,Massachusetts,6
+15087777777,(508) 777-7777,508-777-7777,508,Massachusetts,7
+15088888888,(508) 888-8888,508-888-8888,508,Massachusetts,8
+15089999999,(508) 999-9999,508-999-9999,508,Massachusetts,9
+15091111111,(509) 111-1111,509-111-1111,509,Washington,1
+15092222222,(509) 222-2222,509-222-2222,509,Washington,2
+15093333333,(509) 333-3333,509-333-3333,509,Washington,3
+15094444444,(509) 444-4444,509-444-4444,509,Washington,4
+15095555555,(509) 555-5555,509-555-5555,509,Washington,5
+15096666666,(509) 666-6666,509-666-6666,509,Washington,6
+15097777777,(509) 777-7777,509-777-7777,509,Washington,7
+15098888888,(509) 888-8888,509-888-8888,509,Washington,8
+15099999999,(509) 999-9999,509-999-9999,509,Washington,9
+15101111111,(510) 111-1111,510-111-1111,510,California,1
+15102222222,(510) 222-2222,510-222-2222,510,California,2
+15103333333,(510) 333-3333,510-333-3333,510,California,3
+15104444444,(510) 444-4444,510-444-4444,510,California,4
+15105555555,(510) 555-5555,510-555-5555,510,California,5
+15106666666,(510) 666-6666,510-666-6666,510,California,6
+15107777777,(510) 777-7777,510-777-7777,510,California,7
+15108888888,(510) 888-8888,510-888-8888,510,California,8
+15109999999,(510) 999-9999,510-999-9999,510,California,9
+15121111111,(512) 111-1111,512-111-1111,512,Texas,1
+15122222222,(512) 222-2222,512-222-2222,512,Texas,2
+15123333333,(512) 333-3333,512-333-3333,512,Texas,3
+15124444444,(512) 444-4444,512-444-4444,512,Texas,4
+15125555555,(512) 555-5555,512-555-5555,512,Texas,5
+15126666666,(512) 666-6666,512-666-6666,512,Texas,6
+15127777777,(512) 777-7777,512-777-7777,512,Texas,7
+15128888888,(512) 888-8888,512-888-8888,512,Texas,8
+15129999999,(512) 999-9999,512-999-9999,512,Texas,9
+15131111111,(513) 111-1111,513-111-1111,513,Ohio,1
+15132222222,(513) 222-2222,513-222-2222,513,Ohio,2
+15133333333,(513) 333-3333,513-333-3333,513,Ohio,3
+15134444444,(513) 444-4444,513-444-4444,513,Ohio,4
+15135555555,(513) 555-5555,513-555-5555,513,Ohio,5
+15136666666,(513) 666-6666,513-666-6666,513,Ohio,6
+15137777777,(513) 777-7777,513-777-7777,513,Ohio,7
+15138888888,(513) 888-8888,513-888-8888,513,Ohio,8
+15139999999,(513) 999-9999,513-999-9999,513,Ohio,9
+15151111111,(515) 111-1111,515-111-1111,515,Iowa,1
+15152222222,(515) 222-2222,515-222-2222,515,Iowa,2
+15153333333,(515) 333-3333,515-333-3333,515,Iowa,3
+15154444444,(515) 444-4444,515-444-4444,515,Iowa,4
+15155555555,(515) 555-5555,515-555-5555,515,Iowa,5
+15156666666,(515) 666-6666,515-666-6666,515,Iowa,6
+15157777777,(515) 777-7777,515-777-7777,515,Iowa,7
+15158888888,(515) 888-8888,515-888-8888,515,Iowa,8
+15159999999,(515) 999-9999,515-999-9999,515,Iowa,9
+15161111111,(516) 111-1111,516-111-1111,516,New York,1
+15162222222,(516) 222-2222,516-222-2222,516,New York,2
+15163333333,(516) 333-3333,516-333-3333,516,New York,3
+15164444444,(516) 444-4444,516-444-4444,516,New York,4
+15165555555,(516) 555-5555,516-555-5555,516,New York,5
+15166666666,(516) 666-6666,516-666-6666,516,New York,6
+15167777777,(516) 777-7777,516-777-7777,516,New York,7
+15168888888,(516) 888-8888,516-888-8888,516,New York,8
+15169999999,(516) 999-9999,516-999-9999,516,New York,9
+15171111111,(517) 111-1111,517-111-1111,517,Michigan,1
+15172222222,(517) 222-2222,517-222-2222,517,Michigan,2
+15173333333,(517) 333-3333,517-333-3333,517,Michigan,3
+15174444444,(517) 444-4444,517-444-4444,517,Michigan,4
+15175555555,(517) 555-5555,517-555-5555,517,Michigan,5
+15176666666,(517) 666-6666,517-666-6666,517,Michigan,6
+15177777777,(517) 777-7777,517-777-7777,517,Michigan,7
+15178888888,(517) 888-8888,517-888-8888,517,Michigan,8
+15179999999,(517) 999-9999,517-999-9999,517,Michigan,9
+15181111111,(518) 111-1111,518-111-1111,518,New York,1
+15182222222,(518) 222-2222,518-222-2222,518,New York,2
+15183333333,(518) 333-3333,518-333-3333,518,New York,3
+15184444444,(518) 444-4444,518-444-4444,518,New York,4
+15185555555,(518) 555-5555,518-555-5555,518,New York,5
+15186666666,(518) 666-6666,518-666-6666,518,New York,6
+15187777777,(518) 777-7777,518-777-7777,518,New York,7
+15188888888,(518) 888-8888,518-888-8888,518,New York,8
+15189999999,(518) 999-9999,518-999-9999,518,New York,9
+15201111111,(520) 111-1111,520-111-1111,520,Arizona,1
+15202222222,(520) 222-2222,520-222-2222,520,Arizona,2
+15203333333,(520) 333-3333,520-333-3333,520,Arizona,3
+15204444444,(520) 444-4444,520-444-4444,520,Arizona,4
+15205555555,(520) 555-5555,520-555-5555,520,Arizona,5
+15206666666,(520) 666-6666,520-666-6666,520,Arizona,6
+15207777777,(520) 777-7777,520-777-7777,520,Arizona,7
+15208888888,(520) 888-8888,520-888-8888,520,Arizona,8
+15209999999,(520) 999-9999,520-999-9999,520,Arizona,9
+15301111111,(530) 111-1111,530-111-1111,530,California,1
+15302222222,(530) 222-2222,530-222-2222,530,California,2
+15303333333,(530) 333-3333,530-333-3333,530,California,3
+15304444444,(530) 444-4444,530-444-4444,530,California,4
+15305555555,(530) 555-5555,530-555-5555,530,California,5
+15306666666,(530) 666-6666,530-666-6666,530,California,6
+15307777777,(530) 777-7777,530-777-7777,530,California,7
+15308888888,(530) 888-8888,530-888-8888,530,California,8
+15309999999,(530) 999-9999,530-999-9999,530,California,9
+15311111111,(531) 111-1111,531-111-1111,531,Nebraska,1
+15312222222,(531) 222-2222,531-222-2222,531,Nebraska,2
+15313333333,(531) 333-3333,531-333-3333,531,Nebraska,3
+15314444444,(531) 444-4444,531-444-4444,531,Nebraska,4
+15315555555,(531) 555-5555,531-555-5555,531,Nebraska,5
+15316666666,(531) 666-6666,531-666-6666,531,Nebraska,6
+15317777777,(531) 777-7777,531-777-7777,531,Nebraska,7
+15318888888,(531) 888-8888,531-888-8888,531,Nebraska,8
+15319999999,(531) 999-9999,531-999-9999,531,Nebraska,9
+15341111111,(534) 111-1111,534-111-1111,534,Wisconsin,1
+15342222222,(534) 222-2222,534-222-2222,534,Wisconsin,2
+15343333333,(534) 333-3333,534-333-3333,534,Wisconsin,3
+15344444444,(534) 444-4444,534-444-4444,534,Wisconsin,4
+15345555555,(534) 555-5555,534-555-5555,534,Wisconsin,5
+15346666666,(534) 666-6666,534-666-6666,534,Wisconsin,6
+15347777777,(534) 777-7777,534-777-7777,534,Wisconsin,7
+15348888888,(534) 888-8888,534-888-8888,534,Wisconsin,8
+15349999999,(534) 999-9999,534-999-9999,534,Wisconsin,9
+15391111111,(539) 111-1111,539-111-1111,539,Oklahoma,1
+15392222222,(539) 222-2222,539-222-2222,539,Oklahoma,2
+15393333333,(539) 333-3333,539-333-3333,539,Oklahoma,3
+15394444444,(539) 444-4444,539-444-4444,539,Oklahoma,4
+15395555555,(539) 555-5555,539-555-5555,539,Oklahoma,5
+15396666666,(539) 666-6666,539-666-6666,539,Oklahoma,6
+15397777777,(539) 777-7777,539-777-7777,539,Oklahoma,7
+15398888888,(539) 888-8888,539-888-8888,539,Oklahoma,8
+15399999999,(539) 999-9999,539-999-9999,539,Oklahoma,9
+15401111111,(540) 111-1111,540-111-1111,540,Virginia,1
+15402222222,(540) 222-2222,540-222-2222,540,Virginia,2
+15403333333,(540) 333-3333,540-333-3333,540,Virginia,3
+15404444444,(540) 444-4444,540-444-4444,540,Virginia,4
+15405555555,(540) 555-5555,540-555-5555,540,Virginia,5
+15406666666,(540) 666-6666,540-666-6666,540,Virginia,6
+15407777777,(540) 777-7777,540-777-7777,540,Virginia,7
+15408888888,(540) 888-8888,540-888-8888,540,Virginia,8
+15409999999,(540) 999-9999,540-999-9999,540,Virginia,9
+15411111111,(541) 111-1111,541-111-1111,541,Oregon,1
+15412222222,(541) 222-2222,541-222-2222,541,Oregon,2
+15413333333,(541) 333-3333,541-333-3333,541,Oregon,3
+15414444444,(541) 444-4444,541-444-4444,541,Oregon,4
+15415555555,(541) 555-5555,541-555-5555,541,Oregon,5
+15416666666,(541) 666-6666,541-666-6666,541,Oregon,6
+15417777777,(541) 777-7777,541-777-7777,541,Oregon,7
+15418888888,(541) 888-8888,541-888-8888,541,Oregon,8
+15419999999,(541) 999-9999,541-999-9999,541,Oregon,9
+15511111111,(551) 111-1111,551-111-1111,551,New Jersey,1
+15512222222,(551) 222-2222,551-222-2222,551,New Jersey,2
+15513333333,(551) 333-3333,551-333-3333,551,New Jersey,3
+15514444444,(551) 444-4444,551-444-4444,551,New Jersey,4
+15515555555,(551) 555-5555,551-555-5555,551,New Jersey,5
+15516666666,(551) 666-6666,551-666-6666,551,New Jersey,6
+15517777777,(551) 777-7777,551-777-7777,551,New Jersey,7
+15518888888,(551) 888-8888,551-888-8888,551,New Jersey,8
+15519999999,(551) 999-9999,551-999-9999,551,New Jersey,9
+15571111111,(557) 111-1111,557-111-1111,557,Missouri,1
+15572222222,(557) 222-2222,557-222-2222,557,Missouri,2
+15573333333,(557) 333-3333,557-333-3333,557,Missouri,3
+15574444444,(557) 444-4444,557-444-4444,557,Missouri,4
+15575555555,(557) 555-5555,557-555-5555,557,Missouri,5
+15576666666,(557) 666-6666,557-666-6666,557,Missouri,6
+15577777777,(557) 777-7777,557-777-7777,557,Missouri,7
+15578888888,(557) 888-8888,557-888-8888,557,Missouri,8
+15579999999,(557) 999-9999,557-999-9999,557,Missouri,9
+15591111111,(559) 111-1111,559-111-1111,559,California,1
+15592222222,(559) 222-2222,559-222-2222,559,California,2
+15593333333,(559) 333-3333,559-333-3333,559,California,3
+15594444444,(559) 444-4444,559-444-4444,559,California,4
+15595555555,(559) 555-5555,559-555-5555,559,California,5
+15596666666,(559) 666-6666,559-666-6666,559,California,6
+15597777777,(559) 777-7777,559-777-7777,559,California,7
+15598888888,(559) 888-8888,559-888-8888,559,California,8
+15599999999,(559) 999-9999,559-999-9999,559,California,9
+15611111111,(561) 111-1111,561-111-1111,561,Florida,1
+15612222222,(561) 222-2222,561-222-2222,561,Florida,2
+15613333333,(561) 333-3333,561-333-3333,561,Florida,3
+15614444444,(561) 444-4444,561-444-4444,561,Florida,4
+15615555555,(561) 555-5555,561-555-5555,561,Florida,5
+15616666666,(561) 666-6666,561-666-6666,561,Florida,6
+15617777777,(561) 777-7777,561-777-7777,561,Florida,7
+15618888888,(561) 888-8888,561-888-8888,561,Florida,8
+15619999999,(561) 999-9999,561-999-9999,561,Florida,9
+15621111111,(562) 111-1111,562-111-1111,562,California,1
+15622222222,(562) 222-2222,562-222-2222,562,California,2
+15623333333,(562) 333-3333,562-333-3333,562,California,3
+15624444444,(562) 444-4444,562-444-4444,562,California,4
+15625555555,(562) 555-5555,562-555-5555,562,California,5
+15626666666,(562) 666-6666,562-666-6666,562,California,6
+15627777777,(562) 777-7777,562-777-7777,562,California,7
+15628888888,(562) 888-8888,562-888-8888,562,California,8
+15629999999,(562) 999-9999,562-999-9999,562,California,9
+15631111111,(563) 111-1111,563-111-1111,563,Iowa,1
+15632222222,(563) 222-2222,563-222-2222,563,Iowa,2
+15633333333,(563) 333-3333,563-333-3333,563,Iowa,3
+15634444444,(563) 444-4444,563-444-4444,563,Iowa,4
+15635555555,(563) 555-5555,563-555-5555,563,Iowa,5
+15636666666,(563) 666-6666,563-666-6666,563,Iowa,6
+15637777777,(563) 777-7777,563-777-7777,563,Iowa,7
+15638888888,(563) 888-8888,563-888-8888,563,Iowa,8
+15639999999,(563) 999-9999,563-999-9999,563,Iowa,9
+15641111111,(564) 111-1111,564-111-1111,564,Washington,1
+15642222222,(564) 222-2222,564-222-2222,564,Washington,2
+15643333333,(564) 333-3333,564-333-3333,564,Washington,3
+15644444444,(564) 444-4444,564-444-4444,564,Washington,4
+15645555555,(564) 555-5555,564-555-5555,564,Washington,5
+15646666666,(564) 666-6666,564-666-6666,564,Washington,6
+15647777777,(564) 777-7777,564-777-7777,564,Washington,7
+15648888888,(564) 888-8888,564-888-8888,564,Washington,8
+15649999999,(564) 999-9999,564-999-9999,564,Washington,9
+15671111111,(567) 111-1111,567-111-1111,567,Ohio,1
+15672222222,(567) 222-2222,567-222-2222,567,Ohio,2
+15673333333,(567) 333-3333,567-333-3333,567,Ohio,3
+15674444444,(567) 444-4444,567-444-4444,567,Ohio,4
+15675555555,(567) 555-5555,567-555-5555,567,Ohio,5
+15676666666,(567) 666-6666,567-666-6666,567,Ohio,6
+15677777777,(567) 777-7777,567-777-7777,567,Ohio,7
+15678888888,(567) 888-8888,567-888-8888,567,Ohio,8
+15679999999,(567) 999-9999,567-999-9999,567,Ohio,9
+15701111111,(570) 111-1111,570-111-1111,570,Pennsylvania,1
+15702222222,(570) 222-2222,570-222-2222,570,Pennsylvania,2
+15703333333,(570) 333-3333,570-333-3333,570,Pennsylvania,3
+15704444444,(570) 444-4444,570-444-4444,570,Pennsylvania,4
+15705555555,(570) 555-5555,570-555-5555,570,Pennsylvania,5
+15706666666,(570) 666-6666,570-666-6666,570,Pennsylvania,6
+15707777777,(570) 777-7777,570-777-7777,570,Pennsylvania,7
+15708888888,(570) 888-8888,570-888-8888,570,Pennsylvania,8
+15709999999,(570) 999-9999,570-999-9999,570,Pennsylvania,9
+15711111111,(571) 111-1111,571-111-1111,571,Virginia,1
+15712222222,(571) 222-2222,571-222-2222,571,Virginia,2
+15713333333,(571) 333-3333,571-333-3333,571,Virginia,3
+15714444444,(571) 444-4444,571-444-4444,571,Virginia,4
+15715555555,(571) 555-5555,571-555-5555,571,Virginia,5
+15716666666,(571) 666-6666,571-666-6666,571,Virginia,6
+15717777777,(571) 777-7777,571-777-7777,571,Virginia,7
+15718888888,(571) 888-8888,571-888-8888,571,Virginia,8
+15719999999,(571) 999-9999,571-999-9999,571,Virginia,9
+15721111111,(572) 111-1111,572-111-1111,572,Oklahoma,1
+15722222222,(572) 222-2222,572-222-2222,572,Oklahoma,2
+15723333333,(572) 333-3333,572-333-3333,572,Oklahoma,3
+15724444444,(572) 444-4444,572-444-4444,572,Oklahoma,4
+15725555555,(572) 555-5555,572-555-5555,572,Oklahoma,5
+15726666666,(572) 666-6666,572-666-6666,572,Oklahoma,6
+15727777777,(572) 777-7777,572-777-7777,572,Oklahoma,7
+15728888888,(572) 888-8888,572-888-8888,572,Oklahoma,8
+15729999999,(572) 999-9999,572-999-9999,572,Oklahoma,9
+15731111111,(573) 111-1111,573-111-1111,573,Missouri,1
+15732222222,(573) 222-2222,573-222-2222,573,Missouri,2
+15733333333,(573) 333-3333,573-333-3333,573,Missouri,3
+15734444444,(573) 444-4444,573-444-4444,573,Missouri,4
+15735555555,(573) 555-5555,573-555-5555,573,Missouri,5
+15736666666,(573) 666-6666,573-666-6666,573,Missouri,6
+15737777777,(573) 777-7777,573-777-7777,573,Missouri,7
+15738888888,(573) 888-8888,573-888-8888,573,Missouri,8
+15739999999,(573) 999-9999,573-999-9999,573,Missouri,9
+15741111111,(574) 111-1111,574-111-1111,574,Indiana,1
+15742222222,(574) 222-2222,574-222-2222,574,Indiana,2
+15743333333,(574) 333-3333,574-333-3333,574,Indiana,3
+15744444444,(574) 444-4444,574-444-4444,574,Indiana,4
+15745555555,(574) 555-5555,574-555-5555,574,Indiana,5
+15746666666,(574) 666-6666,574-666-6666,574,Indiana,6
+15747777777,(574) 777-7777,574-777-7777,574,Indiana,7
+15748888888,(574) 888-8888,574-888-8888,574,Indiana,8
+15749999999,(574) 999-9999,574-999-9999,574,Indiana,9
+15751111111,(575) 111-1111,575-111-1111,575,New Mexico,1
+15752222222,(575) 222-2222,575-222-2222,575,New Mexico,2
+15753333333,(575) 333-3333,575-333-3333,575,New Mexico,3
+15754444444,(575) 444-4444,575-444-4444,575,New Mexico,4
+15755555555,(575) 555-5555,575-555-5555,575,New Mexico,5
+15756666666,(575) 666-6666,575-666-6666,575,New Mexico,6
+15757777777,(575) 777-7777,575-777-7777,575,New Mexico,7
+15758888888,(575) 888-8888,575-888-8888,575,New Mexico,8
+15759999999,(575) 999-9999,575-999-9999,575,New Mexico,9
+15801111111,(580) 111-1111,580-111-1111,580,Oklahoma,1
+15802222222,(580) 222-2222,580-222-2222,580,Oklahoma,2
+15803333333,(580) 333-3333,580-333-3333,580,Oklahoma,3
+15804444444,(580) 444-4444,580-444-4444,580,Oklahoma,4
+15805555555,(580) 555-5555,580-555-5555,580,Oklahoma,5
+15806666666,(580) 666-6666,580-666-6666,580,Oklahoma,6
+15807777777,(580) 777-7777,580-777-7777,580,Oklahoma,7
+15808888888,(580) 888-8888,580-888-8888,580,Oklahoma,8
+15809999999,(580) 999-9999,580-999-9999,580,Oklahoma,9
+15821111111,(582) 111-1111,582-111-1111,582,Pennsylvania,1
+15822222222,(582) 222-2222,582-222-2222,582,Pennsylvania,2
+15823333333,(582) 333-3333,582-333-3333,582,Pennsylvania,3
+15824444444,(582) 444-4444,582-444-4444,582,Pennsylvania,4
+15825555555,(582) 555-5555,582-555-5555,582,Pennsylvania,5
+15826666666,(582) 666-6666,582-666-6666,582,Pennsylvania,6
+15827777777,(582) 777-7777,582-777-7777,582,Pennsylvania,7
+15828888888,(582) 888-8888,582-888-8888,582,Pennsylvania,8
+15829999999,(582) 999-9999,582-999-9999,582,Pennsylvania,9
+15851111111,(585) 111-1111,585-111-1111,585,New York,1
+15852222222,(585) 222-2222,585-222-2222,585,New York,2
+15853333333,(585) 333-3333,585-333-3333,585,New York,3
+15854444444,(585) 444-4444,585-444-4444,585,New York,4
+15855555555,(585) 555-5555,585-555-5555,585,New York,5
+15856666666,(585) 666-6666,585-666-6666,585,New York,6
+15857777777,(585) 777-7777,585-777-7777,585,New York,7
+15858888888,(585) 888-8888,585-888-8888,585,New York,8
+15859999999,(585) 999-9999,585-999-9999,585,New York,9
+15861111111,(586) 111-1111,586-111-1111,586,Michigan,1
+15862222222,(586) 222-2222,586-222-2222,586,Michigan,2
+15863333333,(586) 333-3333,586-333-3333,586,Michigan,3
+15864444444,(586) 444-4444,586-444-4444,586,Michigan,4
+15865555555,(586) 555-5555,586-555-5555,586,Michigan,5
+15866666666,(586) 666-6666,586-666-6666,586,Michigan,6
+15867777777,(586) 777-7777,586-777-7777,586,Michigan,7
+15868888888,(586) 888-8888,586-888-8888,586,Michigan,8
+15869999999,(586) 999-9999,586-999-9999,586,Michigan,9
+16011111111,(601) 111-1111,601-111-1111,601,Mississippi,1
+16012222222,(601) 222-2222,601-222-2222,601,Mississippi,2
+16013333333,(601) 333-3333,601-333-3333,601,Mississippi,3
+16014444444,(601) 444-4444,601-444-4444,601,Mississippi,4
+16015555555,(601) 555-5555,601-555-5555,601,Mississippi,5
+16016666666,(601) 666-6666,601-666-6666,601,Mississippi,6
+16017777777,(601) 777-7777,601-777-7777,601,Mississippi,7
+16018888888,(601) 888-8888,601-888-8888,601,Mississippi,8
+16019999999,(601) 999-9999,601-999-9999,601,Mississippi,9
+16021111111,(602) 111-1111,602-111-1111,602,Arizona,1
+16022222222,(602) 222-2222,602-222-2222,602,Arizona,2
+16023333333,(602) 333-3333,602-333-3333,602,Arizona,3
+16024444444,(602) 444-4444,602-444-4444,602,Arizona,4
+16025555555,(602) 555-5555,602-555-5555,602,Arizona,5
+16026666666,(602) 666-6666,602-666-6666,602,Arizona,6
+16027777777,(602) 777-7777,602-777-7777,602,Arizona,7
+16028888888,(602) 888-8888,602-888-8888,602,Arizona,8
+16029999999,(602) 999-9999,602-999-9999,602,Arizona,9
+16031111111,(603) 111-1111,603-111-1111,603,New Hampshire,1
+16032222222,(603) 222-2222,603-222-2222,603,New Hampshire,2
+16033333333,(603) 333-3333,603-333-3333,603,New Hampshire,3
+16034444444,(603) 444-4444,603-444-4444,603,New Hampshire,4
+16035555555,(603) 555-5555,603-555-5555,603,New Hampshire,5
+16036666666,(603) 666-6666,603-666-6666,603,New Hampshire,6
+16037777777,(603) 777-7777,603-777-7777,603,New Hampshire,7
+16038888888,(603) 888-8888,603-888-8888,603,New Hampshire,8
+16039999999,(603) 999-9999,603-999-9999,603,New Hampshire,9
+16051111111,(605) 111-1111,605-111-1111,605,South Dakota,1
+16052222222,(605) 222-2222,605-222-2222,605,South Dakota,2
+16053333333,(605) 333-3333,605-333-3333,605,South Dakota,3
+16054444444,(605) 444-4444,605-444-4444,605,South Dakota,4
+16055555555,(605) 555-5555,605-555-5555,605,South Dakota,5
+16056666666,(605) 666-6666,605-666-6666,605,South Dakota,6
+16057777777,(605) 777-7777,605-777-7777,605,South Dakota,7
+16058888888,(605) 888-8888,605-888-8888,605,South Dakota,8
+16059999999,(605) 999-9999,605-999-9999,605,South Dakota,9
+16061111111,(606) 111-1111,606-111-1111,606,Kentucky,1
+16062222222,(606) 222-2222,606-222-2222,606,Kentucky,2
+16063333333,(606) 333-3333,606-333-3333,606,Kentucky,3
+16064444444,(606) 444-4444,606-444-4444,606,Kentucky,4
+16065555555,(606) 555-5555,606-555-5555,606,Kentucky,5
+16066666666,(606) 666-6666,606-666-6666,606,Kentucky,6
+16067777777,(606) 777-7777,606-777-7777,606,Kentucky,7
+16068888888,(606) 888-8888,606-888-8888,606,Kentucky,8
+16069999999,(606) 999-9999,606-999-9999,606,Kentucky,9
+16071111111,(607) 111-1111,607-111-1111,607,New York,1
+16072222222,(607) 222-2222,607-222-2222,607,New York,2
+16073333333,(607) 333-3333,607-333-3333,607,New York,3
+16074444444,(607) 444-4444,607-444-4444,607,New York,4
+16075555555,(607) 555-5555,607-555-5555,607,New York,5
+16076666666,(607) 666-6666,607-666-6666,607,New York,6
+16077777777,(607) 777-7777,607-777-7777,607,New York,7
+16078888888,(607) 888-8888,607-888-8888,607,New York,8
+16079999999,(607) 999-9999,607-999-9999,607,New York,9
+16081111111,(608) 111-1111,608-111-1111,608,Wisconsin,1
+16082222222,(608) 222-2222,608-222-2222,608,Wisconsin,2
+16083333333,(608) 333-3333,608-333-3333,608,Wisconsin,3
+16084444444,(608) 444-4444,608-444-4444,608,Wisconsin,4
+16085555555,(608) 555-5555,608-555-5555,608,Wisconsin,5
+16086666666,(608) 666-6666,608-666-6666,608,Wisconsin,6
+16087777777,(608) 777-7777,608-777-7777,608,Wisconsin,7
+16088888888,(608) 888-8888,608-888-8888,608,Wisconsin,8
+16089999999,(608) 999-9999,608-999-9999,608,Wisconsin,9
+16091111111,(609) 111-1111,609-111-1111,609,New Jersey,1
+16092222222,(609) 222-2222,609-222-2222,609,New Jersey,2
+16093333333,(609) 333-3333,609-333-3333,609,New Jersey,3
+16094444444,(609) 444-4444,609-444-4444,609,New Jersey,4
+16095555555,(609) 555-5555,609-555-5555,609,New Jersey,5
+16096666666,(609) 666-6666,609-666-6666,609,New Jersey,6
+16097777777,(609) 777-7777,609-777-7777,609,New Jersey,7
+16098888888,(609) 888-8888,609-888-8888,609,New Jersey,8
+16099999999,(609) 999-9999,609-999-9999,609,New Jersey,9
+16101111111,(610) 111-1111,610-111-1111,610,Pennsylvania,1
+16102222222,(610) 222-2222,610-222-2222,610,Pennsylvania,2
+16103333333,(610) 333-3333,610-333-3333,610,Pennsylvania,3
+16104444444,(610) 444-4444,610-444-4444,610,Pennsylvania,4
+16105555555,(610) 555-5555,610-555-5555,610,Pennsylvania,5
+16106666666,(610) 666-6666,610-666-6666,610,Pennsylvania,6
+16107777777,(610) 777-7777,610-777-7777,610,Pennsylvania,7
+16108888888,(610) 888-8888,610-888-8888,610,Pennsylvania,8
+16109999999,(610) 999-9999,610-999-9999,610,Pennsylvania,9
+16121111111,(612) 111-1111,612-111-1111,612,Minnesota,1
+16122222222,(612) 222-2222,612-222-2222,612,Minnesota,2
+16123333333,(612) 333-3333,612-333-3333,612,Minnesota,3
+16124444444,(612) 444-4444,612-444-4444,612,Minnesota,4
+16125555555,(612) 555-5555,612-555-5555,612,Minnesota,5
+16126666666,(612) 666-6666,612-666-6666,612,Minnesota,6
+16127777777,(612) 777-7777,612-777-7777,612,Minnesota,7
+16128888888,(612) 888-8888,612-888-8888,612,Minnesota,8
+16129999999,(612) 999-9999,612-999-9999,612,Minnesota,9
+16141111111,(614) 111-1111,614-111-1111,614,Ohio,1
+16142222222,(614) 222-2222,614-222-2222,614,Ohio,2
+16143333333,(614) 333-3333,614-333-3333,614,Ohio,3
+16144444444,(614) 444-4444,614-444-4444,614,Ohio,4
+16145555555,(614) 555-5555,614-555-5555,614,Ohio,5
+16146666666,(614) 666-6666,614-666-6666,614,Ohio,6
+16147777777,(614) 777-7777,614-777-7777,614,Ohio,7
+16148888888,(614) 888-8888,614-888-8888,614,Ohio,8
+16149999999,(614) 999-9999,614-999-9999,614,Ohio,9
+16151111111,(615) 111-1111,615-111-1111,615,Tennessee,1
+16152222222,(615) 222-2222,615-222-2222,615,Tennessee,2
+16153333333,(615) 333-3333,615-333-3333,615,Tennessee,3
+16154444444,(615) 444-4444,615-444-4444,615,Tennessee,4
+16155555555,(615) 555-5555,615-555-5555,615,Tennessee,5
+16156666666,(615) 666-6666,615-666-6666,615,Tennessee,6
+16157777777,(615) 777-7777,615-777-7777,615,Tennessee,7
+16158888888,(615) 888-8888,615-888-8888,615,Tennessee,8
+16159999999,(615) 999-9999,615-999-9999,615,Tennessee,9
+16161111111,(616) 111-1111,616-111-1111,616,Michigan,1
+16162222222,(616) 222-2222,616-222-2222,616,Michigan,2
+16163333333,(616) 333-3333,616-333-3333,616,Michigan,3
+16164444444,(616) 444-4444,616-444-4444,616,Michigan,4
+16165555555,(616) 555-5555,616-555-5555,616,Michigan,5
+16166666666,(616) 666-6666,616-666-6666,616,Michigan,6
+16167777777,(616) 777-7777,616-777-7777,616,Michigan,7
+16168888888,(616) 888-8888,616-888-8888,616,Michigan,8
+16169999999,(616) 999-9999,616-999-9999,616,Michigan,9
+16171111111,(617) 111-1111,617-111-1111,617,Massachusetts,1
+16172222222,(617) 222-2222,617-222-2222,617,Massachusetts,2
+16173333333,(617) 333-3333,617-333-3333,617,Massachusetts,3
+16174444444,(617) 444-4444,617-444-4444,617,Massachusetts,4
+16175555555,(617) 555-5555,617-555-5555,617,Massachusetts,5
+16176666666,(617) 666-6666,617-666-6666,617,Massachusetts,6
+16177777777,(617) 777-7777,617-777-7777,617,Massachusetts,7
+16178888888,(617) 888-8888,617-888-8888,617,Massachusetts,8
+16179999999,(617) 999-9999,617-999-9999,617,Massachusetts,9
+16181111111,(618) 111-1111,618-111-1111,618,Illinois,1
+16182222222,(618) 222-2222,618-222-2222,618,Illinois,2
+16183333333,(618) 333-3333,618-333-3333,618,Illinois,3
+16184444444,(618) 444-4444,618-444-4444,618,Illinois,4
+16185555555,(618) 555-5555,618-555-5555,618,Illinois,5
+16186666666,(618) 666-6666,618-666-6666,618,Illinois,6
+16187777777,(618) 777-7777,618-777-7777,618,Illinois,7
+16188888888,(618) 888-8888,618-888-8888,618,Illinois,8
+16189999999,(618) 999-9999,618-999-9999,618,Illinois,9
+16191111111,(619) 111-1111,619-111-1111,619,California,1
+16192222222,(619) 222-2222,619-222-2222,619,California,2
+16193333333,(619) 333-3333,619-333-3333,619,California,3
+16194444444,(619) 444-4444,619-444-4444,619,California,4
+16195555555,(619) 555-5555,619-555-5555,619,California,5
+16196666666,(619) 666-6666,619-666-6666,619,California,6
+16197777777,(619) 777-7777,619-777-7777,619,California,7
+16198888888,(619) 888-8888,619-888-8888,619,California,8
+16199999999,(619) 999-9999,619-999-9999,619,California,9
+16201111111,(620) 111-1111,620-111-1111,620,Kansas,1
+16202222222,(620) 222-2222,620-222-2222,620,Kansas,2
+16203333333,(620) 333-3333,620-333-3333,620,Kansas,3
+16204444444,(620) 444-4444,620-444-4444,620,Kansas,4
+16205555555,(620) 555-5555,620-555-5555,620,Kansas,5
+16206666666,(620) 666-6666,620-666-6666,620,Kansas,6
+16207777777,(620) 777-7777,620-777-7777,620,Kansas,7
+16208888888,(620) 888-8888,620-888-8888,620,Kansas,8
+16209999999,(620) 999-9999,620-999-9999,620,Kansas,9
+16231111111,(623) 111-1111,623-111-1111,623,Arizona,1
+16232222222,(623) 222-2222,623-222-2222,623,Arizona,2
+16233333333,(623) 333-3333,623-333-3333,623,Arizona,3
+16234444444,(623) 444-4444,623-444-4444,623,Arizona,4
+16235555555,(623) 555-5555,623-555-5555,623,Arizona,5
+16236666666,(623) 666-6666,623-666-6666,623,Arizona,6
+16237777777,(623) 777-7777,623-777-7777,623,Arizona,7
+16238888888,(623) 888-8888,623-888-8888,623,Arizona,8
+16239999999,(623) 999-9999,623-999-9999,623,Arizona,9
+16241111111,(624) 111-1111,624-111-1111,624,Arizona,1
+16242222222,(624) 222-2222,624-222-2222,624,Arizona,2
+16243333333,(624) 333-3333,624-333-3333,624,Arizona,3
+16244444444,(624) 444-4444,624-444-4444,624,Arizona,4
+16245555555,(624) 555-5555,624-555-5555,624,Arizona,5
+16246666666,(624) 666-6666,624-666-6666,624,Arizona,6
+16247777777,(624) 777-7777,624-777-7777,624,Arizona,7
+16248888888,(624) 888-8888,624-888-8888,624,Arizona,8
+16249999999,(624) 999-9999,624-999-9999,624,Arizona,9
+16261111111,(626) 111-1111,626-111-1111,626,California,1
+16262222222,(626) 222-2222,626-222-2222,626,California,2
+16263333333,(626) 333-3333,626-333-3333,626,California,3
+16264444444,(626) 444-4444,626-444-4444,626,California,4
+16265555555,(626) 555-5555,626-555-5555,626,California,5
+16266666666,(626) 666-6666,626-666-6666,626,California,6
+16267777777,(626) 777-7777,626-777-7777,626,California,7
+16268888888,(626) 888-8888,626-888-8888,626,California,8
+16269999999,(626) 999-9999,626-999-9999,626,California,9
+16271111111,(627) 111-1111,627-111-1111,627,California,1
+16272222222,(627) 222-2222,627-222-2222,627,California,2
+16273333333,(627) 333-3333,627-333-3333,627,California,3
+16274444444,(627) 444-4444,627-444-4444,627,California,4
+16275555555,(627) 555-5555,627-555-5555,627,California,5
+16276666666,(627) 666-6666,627-666-6666,627,California,6
+16277777777,(627) 777-7777,627-777-7777,627,California,7
+16278888888,(627) 888-8888,627-888-8888,627,California,8
+16279999999,(627) 999-9999,627-999-9999,627,California,9
+16281111111,(628) 111-1111,628-111-1111,628,California,1
+16282222222,(628) 222-2222,628-222-2222,628,California,2
+16283333333,(628) 333-3333,628-333-3333,628,California,3
+16284444444,(628) 444-4444,628-444-4444,628,California,4
+16285555555,(628) 555-5555,628-555-5555,628,California,5
+16286666666,(628) 666-6666,628-666-6666,628,California,6
+16287777777,(628) 777-7777,628-777-7777,628,California,7
+16288888888,(628) 888-8888,628-888-8888,628,California,8
+16289999999,(628) 999-9999,628-999-9999,628,California,9
+16291111111,(629) 111-1111,629-111-1111,629,Tennessee,1
+16292222222,(629) 222-2222,629-222-2222,629,Tennessee,2
+16293333333,(629) 333-3333,629-333-3333,629,Tennessee,3
+16294444444,(629) 444-4444,629-444-4444,629,Tennessee,4
+16295555555,(629) 555-5555,629-555-5555,629,Tennessee,5
+16296666666,(629) 666-6666,629-666-6666,629,Tennessee,6
+16297777777,(629) 777-7777,629-777-7777,629,Tennessee,7
+16298888888,(629) 888-8888,629-888-8888,629,Tennessee,8
+16299999999,(629) 999-9999,629-999-9999,629,Tennessee,9
+16301111111,(630) 111-1111,630-111-1111,630,Illinois,1
+16302222222,(630) 222-2222,630-222-2222,630,Illinois,2
+16303333333,(630) 333-3333,630-333-3333,630,Illinois,3
+16304444444,(630) 444-4444,630-444-4444,630,Illinois,4
+16305555555,(630) 555-5555,630-555-5555,630,Illinois,5
+16306666666,(630) 666-6666,630-666-6666,630,Illinois,6
+16307777777,(630) 777-7777,630-777-7777,630,Illinois,7
+16308888888,(630) 888-8888,630-888-8888,630,Illinois,8
+16309999999,(630) 999-9999,630-999-9999,630,Illinois,9
+16311111111,(631) 111-1111,631-111-1111,631,New York,1
+16312222222,(631) 222-2222,631-222-2222,631,New York,2
+16313333333,(631) 333-3333,631-333-3333,631,New York,3
+16314444444,(631) 444-4444,631-444-4444,631,New York,4
+16315555555,(631) 555-5555,631-555-5555,631,New York,5
+16316666666,(631) 666-6666,631-666-6666,631,New York,6
+16317777777,(631) 777-7777,631-777-7777,631,New York,7
+16318888888,(631) 888-8888,631-888-8888,631,New York,8
+16319999999,(631) 999-9999,631-999-9999,631,New York,9
+16361111111,(636) 111-1111,636-111-1111,636,Missouri,1
+16362222222,(636) 222-2222,636-222-2222,636,Missouri,2
+16363333333,(636) 333-3333,636-333-3333,636,Missouri,3
+16364444444,(636) 444-4444,636-444-4444,636,Missouri,4
+16365555555,(636) 555-5555,636-555-5555,636,Missouri,5
+16366666666,(636) 666-6666,636-666-6666,636,Missouri,6
+16367777777,(636) 777-7777,636-777-7777,636,Missouri,7
+16368888888,(636) 888-8888,636-888-8888,636,Missouri,8
+16369999999,(636) 999-9999,636-999-9999,636,Missouri,9
+16401111111,(640) 111-1111,640-111-1111,640,New Jersey,1
+16402222222,(640) 222-2222,640-222-2222,640,New Jersey,2
+16403333333,(640) 333-3333,640-333-3333,640,New Jersey,3
+16404444444,(640) 444-4444,640-444-4444,640,New Jersey,4
+16405555555,(640) 555-5555,640-555-5555,640,New Jersey,5
+16406666666,(640) 666-6666,640-666-6666,640,New Jersey,6
+16407777777,(640) 777-7777,640-777-7777,640,New Jersey,7
+16408888888,(640) 888-8888,640-888-8888,640,New Jersey,8
+16409999999,(640) 999-9999,640-999-9999,640,New Jersey,9
+16411111111,(641) 111-1111,641-111-1111,641,Iowa,1
+16412222222,(641) 222-2222,641-222-2222,641,Iowa,2
+16413333333,(641) 333-3333,641-333-3333,641,Iowa,3
+16414444444,(641) 444-4444,641-444-4444,641,Iowa,4
+16415555555,(641) 555-5555,641-555-5555,641,Iowa,5
+16416666666,(641) 666-6666,641-666-6666,641,Iowa,6
+16417777777,(641) 777-7777,641-777-7777,641,Iowa,7
+16418888888,(641) 888-8888,641-888-8888,641,Iowa,8
+16419999999,(641) 999-9999,641-999-9999,641,Iowa,9
+16451111111,(645) 111-1111,645-111-1111,645,Florida,1
+16452222222,(645) 222-2222,645-222-2222,645,Florida,2
+16453333333,(645) 333-3333,645-333-3333,645,Florida,3
+16454444444,(645) 444-4444,645-444-4444,645,Florida,4
+16455555555,(645) 555-5555,645-555-5555,645,Florida,5
+16456666666,(645) 666-6666,645-666-6666,645,Florida,6
+16457777777,(645) 777-7777,645-777-7777,645,Florida,7
+16458888888,(645) 888-8888,645-888-8888,645,Florida,8
+16459999999,(645) 999-9999,645-999-9999,645,Florida,9
+16461111111,(646) 111-1111,646-111-1111,646,New York,1
+16462222222,(646) 222-2222,646-222-2222,646,New York,2
+16463333333,(646) 333-3333,646-333-3333,646,New York,3
+16464444444,(646) 444-4444,646-444-4444,646,New York,4
+16465555555,(646) 555-5555,646-555-5555,646,New York,5
+16466666666,(646) 666-6666,646-666-6666,646,New York,6
+16467777777,(646) 777-7777,646-777-7777,646,New York,7
+16468888888,(646) 888-8888,646-888-8888,646,New York,8
+16469999999,(646) 999-9999,646-999-9999,646,New York,9
+16501111111,(650) 111-1111,650-111-1111,650,California,1
+16502222222,(650) 222-2222,650-222-2222,650,California,2
+16503333333,(650) 333-3333,650-333-3333,650,California,3
+16504444444,(650) 444-4444,650-444-4444,650,California,4
+16505555555,(650) 555-5555,650-555-5555,650,California,5
+16506666666,(650) 666-6666,650-666-6666,650,California,6
+16507777777,(650) 777-7777,650-777-7777,650,California,7
+16508888888,(650) 888-8888,650-888-8888,650,California,8
+16509999999,(650) 999-9999,650-999-9999,650,California,9
+16511111111,(651) 111-1111,651-111-1111,651,Minnesota,1
+16512222222,(651) 222-2222,651-222-2222,651,Minnesota,2
+16513333333,(651) 333-3333,651-333-3333,651,Minnesota,3
+16514444444,(651) 444-4444,651-444-4444,651,Minnesota,4
+16515555555,(651) 555-5555,651-555-5555,651,Minnesota,5
+16516666666,(651) 666-6666,651-666-6666,651,Minnesota,6
+16517777777,(651) 777-7777,651-777-7777,651,Minnesota,7
+16518888888,(651) 888-8888,651-888-8888,651,Minnesota,8
+16519999999,(651) 999-9999,651-999-9999,651,Minnesota,9
+16561111111,(656) 111-1111,656-111-1111,656,Florida,1
+16562222222,(656) 222-2222,656-222-2222,656,Florida,2
+16563333333,(656) 333-3333,656-333-3333,656,Florida,3
+16564444444,(656) 444-4444,656-444-4444,656,Florida,4
+16565555555,(656) 555-5555,656-555-5555,656,Florida,5
+16566666666,(656) 666-6666,656-666-6666,656,Florida,6
+16567777777,(656) 777-7777,656-777-7777,656,Florida,7
+16568888888,(656) 888-8888,656-888-8888,656,Florida,8
+16569999999,(656) 999-9999,656-999-9999,656,Florida,9
+16571111111,(657) 111-1111,657-111-1111,657,California,1
+16572222222,(657) 222-2222,657-222-2222,657,California,2
+16573333333,(657) 333-3333,657-333-3333,657,California,3
+16574444444,(657) 444-4444,657-444-4444,657,California,4
+16575555555,(657) 555-5555,657-555-5555,657,California,5
+16576666666,(657) 666-6666,657-666-6666,657,California,6
+16577777777,(657) 777-7777,657-777-7777,657,California,7
+16578888888,(657) 888-8888,657-888-8888,657,California,8
+16579999999,(657) 999-9999,657-999-9999,657,California,9
+16591111111,(659) 111-1111,659-111-1111,659,Alabama,1
+16592222222,(659) 222-2222,659-222-2222,659,Alabama,2
+16593333333,(659) 333-3333,659-333-3333,659,Alabama,3
+16594444444,(659) 444-4444,659-444-4444,659,Alabama,4
+16595555555,(659) 555-5555,659-555-5555,659,Alabama,5
+16596666666,(659) 666-6666,659-666-6666,659,Alabama,6
+16597777777,(659) 777-7777,659-777-7777,659,Alabama,7
+16598888888,(659) 888-8888,659-888-8888,659,Alabama,8
+16599999999,(659) 999-9999,659-999-9999,659,Alabama,9
+16601111111,(660) 111-1111,660-111-1111,660,Missouri,1
+16602222222,(660) 222-2222,660-222-2222,660,Missouri,2
+16603333333,(660) 333-3333,660-333-3333,660,Missouri,3
+16604444444,(660) 444-4444,660-444-4444,660,Missouri,4
+16605555555,(660) 555-5555,660-555-5555,660,Missouri,5
+16606666666,(660) 666-6666,660-666-6666,660,Missouri,6
+16607777777,(660) 777-7777,660-777-7777,660,Missouri,7
+16608888888,(660) 888-8888,660-888-8888,660,Missouri,8
+16609999999,(660) 999-9999,660-999-9999,660,Missouri,9
+16611111111,(661) 111-1111,661-111-1111,661,California,1
+16612222222,(661) 222-2222,661-222-2222,661,California,2
+16613333333,(661) 333-3333,661-333-3333,661,California,3
+16614444444,(661) 444-4444,661-444-4444,661,California,4
+16615555555,(661) 555-5555,661-555-5555,661,California,5
+16616666666,(661) 666-6666,661-666-6666,661,California,6
+16617777777,(661) 777-7777,661-777-7777,661,California,7
+16618888888,(661) 888-8888,661-888-8888,661,California,8
+16619999999,(661) 999-9999,661-999-9999,661,California,9
+16621111111,(662) 111-1111,662-111-1111,662,Mississippi,1
+16622222222,(662) 222-2222,662-222-2222,662,Mississippi,2
+16623333333,(662) 333-3333,662-333-3333,662,Mississippi,3
+16624444444,(662) 444-4444,662-444-4444,662,Mississippi,4
+16625555555,(662) 555-5555,662-555-5555,662,Mississippi,5
+16626666666,(662) 666-6666,662-666-6666,662,Mississippi,6
+16627777777,(662) 777-7777,662-777-7777,662,Mississippi,7
+16628888888,(662) 888-8888,662-888-8888,662,Mississippi,8
+16629999999,(662) 999-9999,662-999-9999,662,Mississippi,9
+16671111111,(667) 111-1111,667-111-1111,667,Maryland,1
+16672222222,(667) 222-2222,667-222-2222,667,Maryland,2
+16673333333,(667) 333-3333,667-333-3333,667,Maryland,3
+16674444444,(667) 444-4444,667-444-4444,667,Maryland,4
+16675555555,(667) 555-5555,667-555-5555,667,Maryland,5
+16676666666,(667) 666-6666,667-666-6666,667,Maryland,6
+16677777777,(667) 777-7777,667-777-7777,667,Maryland,7
+16678888888,(667) 888-8888,667-888-8888,667,Maryland,8
+16679999999,(667) 999-9999,667-999-9999,667,Maryland,9
+16691111111,(669) 111-1111,669-111-1111,669,California,1
+16692222222,(669) 222-2222,669-222-2222,669,California,2
+16693333333,(669) 333-3333,669-333-3333,669,California,3
+16694444444,(669) 444-4444,669-444-4444,669,California,4
+16695555555,(669) 555-5555,669-555-5555,669,California,5
+16696666666,(669) 666-6666,669-666-6666,669,California,6
+16697777777,(669) 777-7777,669-777-7777,669,California,7
+16698888888,(669) 888-8888,669-888-8888,669,California,8
+16699999999,(669) 999-9999,669-999-9999,669,California,9
+16701111111,(670) 111-1111,670-111-1111,670,Northern Mariana Islands,1
+16702222222,(670) 222-2222,670-222-2222,670,Northern Mariana Islands,2
+16703333333,(670) 333-3333,670-333-3333,670,Northern Mariana Islands,3
+16704444444,(670) 444-4444,670-444-4444,670,Northern Mariana Islands,4
+16705555555,(670) 555-5555,670-555-5555,670,Northern Mariana Islands,5
+16706666666,(670) 666-6666,670-666-6666,670,Northern Mariana Islands,6
+16707777777,(670) 777-7777,670-777-7777,670,Northern Mariana Islands,7
+16708888888,(670) 888-8888,670-888-8888,670,Northern Mariana Islands,8
+16709999999,(670) 999-9999,670-999-9999,670,Northern Mariana Islands,9
+16711111111,(671) 111-1111,671-111-1111,671,Guam,1
+16712222222,(671) 222-2222,671-222-2222,671,Guam,2
+16713333333,(671) 333-3333,671-333-3333,671,Guam,3
+16714444444,(671) 444-4444,671-444-4444,671,Guam,4
+16715555555,(671) 555-5555,671-555-5555,671,Guam,5
+16716666666,(671) 666-6666,671-666-6666,671,Guam,6
+16717777777,(671) 777-7777,671-777-7777,671,Guam,7
+16718888888,(671) 888-8888,671-888-8888,671,Guam,8
+16719999999,(671) 999-9999,671-999-9999,671,Guam,9
+16781111111,(678) 111-1111,678-111-1111,678,Georgia,1
+16782222222,(678) 222-2222,678-222-2222,678,Georgia,2
+16783333333,(678) 333-3333,678-333-3333,678,Georgia,3
+16784444444,(678) 444-4444,678-444-4444,678,Georgia,4
+16785555555,(678) 555-5555,678-555-5555,678,Georgia,5
+16786666666,(678) 666-6666,678-666-6666,678,Georgia,6
+16787777777,(678) 777-7777,678-777-7777,678,Georgia,7
+16788888888,(678) 888-8888,678-888-8888,678,Georgia,8
+16789999999,(678) 999-9999,678-999-9999,678,Georgia,9
+16791111111,(679) 111-1111,679-111-1111,679,Michigan,1
+16792222222,(679) 222-2222,679-222-2222,679,Michigan,2
+16793333333,(679) 333-3333,679-333-3333,679,Michigan,3
+16794444444,(679) 444-4444,679-444-4444,679,Michigan,4
+16795555555,(679) 555-5555,679-555-5555,679,Michigan,5
+16796666666,(679) 666-6666,679-666-6666,679,Michigan,6
+16797777777,(679) 777-7777,679-777-7777,679,Michigan,7
+16798888888,(679) 888-8888,679-888-8888,679,Michigan,8
+16799999999,(679) 999-9999,679-999-9999,679,Michigan,9
+16801111111,(680) 111-1111,680-111-1111,680,New York,1
+16802222222,(680) 222-2222,680-222-2222,680,New York,2
+16803333333,(680) 333-3333,680-333-3333,680,New York,3
+16804444444,(680) 444-4444,680-444-4444,680,New York,4
+16805555555,(680) 555-5555,680-555-5555,680,New York,5
+16806666666,(680) 666-6666,680-666-6666,680,New York,6
+16807777777,(680) 777-7777,680-777-7777,680,New York,7
+16808888888,(680) 888-8888,680-888-8888,680,New York,8
+16809999999,(680) 999-9999,680-999-9999,680,New York,9
+16811111111,(681) 111-1111,681-111-1111,681,West Virginia,1
+16812222222,(681) 222-2222,681-222-2222,681,West Virginia,2
+16813333333,(681) 333-3333,681-333-3333,681,West Virginia,3
+16814444444,(681) 444-4444,681-444-4444,681,West Virginia,4
+16815555555,(681) 555-5555,681-555-5555,681,West Virginia,5
+16816666666,(681) 666-6666,681-666-6666,681,West Virginia,6
+16817777777,(681) 777-7777,681-777-7777,681,West Virginia,7
+16818888888,(681) 888-8888,681-888-8888,681,West Virginia,8
+16819999999,(681) 999-9999,681-999-9999,681,West Virginia,9
+16821111111,(682) 111-1111,682-111-1111,682,Texas,1
+16822222222,(682) 222-2222,682-222-2222,682,Texas,2
+16823333333,(682) 333-3333,682-333-3333,682,Texas,3
+16824444444,(682) 444-4444,682-444-4444,682,Texas,4
+16825555555,(682) 555-5555,682-555-5555,682,Texas,5
+16826666666,(682) 666-6666,682-666-6666,682,Texas,6
+16827777777,(682) 777-7777,682-777-7777,682,Texas,7
+16828888888,(682) 888-8888,682-888-8888,682,Texas,8
+16829999999,(682) 999-9999,682-999-9999,682,Texas,9
+16841111111,(684) 111-1111,684-111-1111,684,American Samoa,1
+16842222222,(684) 222-2222,684-222-2222,684,American Samoa,2
+16843333333,(684) 333-3333,684-333-3333,684,American Samoa,3
+16844444444,(684) 444-4444,684-444-4444,684,American Samoa,4
+16845555555,(684) 555-5555,684-555-5555,684,American Samoa,5
+16846666666,(684) 666-6666,684-666-6666,684,American Samoa,6
+16847777777,(684) 777-7777,684-777-7777,684,American Samoa,7
+16848888888,(684) 888-8888,684-888-8888,684,American Samoa,8
+16849999999,(684) 999-9999,684-999-9999,684,American Samoa,9
+16861111111,(686) 111-1111,686-111-1111,686,Virginia,1
+16862222222,(686) 222-2222,686-222-2222,686,Virginia,2
+16863333333,(686) 333-3333,686-333-3333,686,Virginia,3
+16864444444,(686) 444-4444,686-444-4444,686,Virginia,4
+16865555555,(686) 555-5555,686-555-5555,686,Virginia,5
+16866666666,(686) 666-6666,686-666-6666,686,Virginia,6
+16867777777,(686) 777-7777,686-777-7777,686,Virginia,7
+16868888888,(686) 888-8888,686-888-8888,686,Virginia,8
+16869999999,(686) 999-9999,686-999-9999,686,Virginia,9
+16891111111,(689) 111-1111,689-111-1111,689,Florida,1
+16892222222,(689) 222-2222,689-222-2222,689,Florida,2
+16893333333,(689) 333-3333,689-333-3333,689,Florida,3
+16894444444,(689) 444-4444,689-444-4444,689,Florida,4
+16895555555,(689) 555-5555,689-555-5555,689,Florida,5
+16896666666,(689) 666-6666,689-666-6666,689,Florida,6
+16897777777,(689) 777-7777,689-777-7777,689,Florida,7
+16898888888,(689) 888-8888,689-888-8888,689,Florida,8
+16899999999,(689) 999-9999,689-999-9999,689,Florida,9
+17011111111,(701) 111-1111,701-111-1111,701,North Dakota,1
+17012222222,(701) 222-2222,701-222-2222,701,North Dakota,2
+17013333333,(701) 333-3333,701-333-3333,701,North Dakota,3
+17014444444,(701) 444-4444,701-444-4444,701,North Dakota,4
+17015555555,(701) 555-5555,701-555-5555,701,North Dakota,5
+17016666666,(701) 666-6666,701-666-6666,701,North Dakota,6
+17017777777,(701) 777-7777,701-777-7777,701,North Dakota,7
+17018888888,(701) 888-8888,701-888-8888,701,North Dakota,8
+17019999999,(701) 999-9999,701-999-9999,701,North Dakota,9
+17021111111,(702) 111-1111,702-111-1111,702,Nevada,1
+17022222222,(702) 222-2222,702-222-2222,702,Nevada,2
+17023333333,(702) 333-3333,702-333-3333,702,Nevada,3
+17024444444,(702) 444-4444,702-444-4444,702,Nevada,4
+17025555555,(702) 555-5555,702-555-5555,702,Nevada,5
+17026666666,(702) 666-6666,702-666-6666,702,Nevada,6
+17027777777,(702) 777-7777,702-777-7777,702,Nevada,7
+17028888888,(702) 888-8888,702-888-8888,702,Nevada,8
+17029999999,(702) 999-9999,702-999-9999,702,Nevada,9
+17031111111,(703) 111-1111,703-111-1111,703,Virginia,1
+17032222222,(703) 222-2222,703-222-2222,703,Virginia,2
+17033333333,(703) 333-3333,703-333-3333,703,Virginia,3
+17034444444,(703) 444-4444,703-444-4444,703,Virginia,4
+17035555555,(703) 555-5555,703-555-5555,703,Virginia,5
+17036666666,(703) 666-6666,703-666-6666,703,Virginia,6
+17037777777,(703) 777-7777,703-777-7777,703,Virginia,7
+17038888888,(703) 888-8888,703-888-8888,703,Virginia,8
+17039999999,(703) 999-9999,703-999-9999,703,Virginia,9
+17041111111,(704) 111-1111,704-111-1111,704,North Carolina,1
+17042222222,(704) 222-2222,704-222-2222,704,North Carolina,2
+17043333333,(704) 333-3333,704-333-3333,704,North Carolina,3
+17044444444,(704) 444-4444,704-444-4444,704,North Carolina,4
+17045555555,(704) 555-5555,704-555-5555,704,North Carolina,5
+17046666666,(704) 666-6666,704-666-6666,704,North Carolina,6
+17047777777,(704) 777-7777,704-777-7777,704,North Carolina,7
+17048888888,(704) 888-8888,704-888-8888,704,North Carolina,8
+17049999999,(704) 999-9999,704-999-9999,704,North Carolina,9
+17061111111,(706) 111-1111,706-111-1111,706,Georgia,1
+17062222222,(706) 222-2222,706-222-2222,706,Georgia,2
+17063333333,(706) 333-3333,706-333-3333,706,Georgia,3
+17064444444,(706) 444-4444,706-444-4444,706,Georgia,4
+17065555555,(706) 555-5555,706-555-5555,706,Georgia,5
+17066666666,(706) 666-6666,706-666-6666,706,Georgia,6
+17067777777,(706) 777-7777,706-777-7777,706,Georgia,7
+17068888888,(706) 888-8888,706-888-8888,706,Georgia,8
+17069999999,(706) 999-9999,706-999-9999,706,Georgia,9
+17071111111,(707) 111-1111,707-111-1111,707,California,1
+17072222222,(707) 222-2222,707-222-2222,707,California,2
+17073333333,(707) 333-3333,707-333-3333,707,California,3
+17074444444,(707) 444-4444,707-444-4444,707,California,4
+17075555555,(707) 555-5555,707-555-5555,707,California,5
+17076666666,(707) 666-6666,707-666-6666,707,California,6
+17077777777,(707) 777-7777,707-777-7777,707,California,7
+17078888888,(707) 888-8888,707-888-8888,707,California,8
+17079999999,(707) 999-9999,707-999-9999,707,California,9
+17081111111,(708) 111-1111,708-111-1111,708,Illinois,1
+17082222222,(708) 222-2222,708-222-2222,708,Illinois,2
+17083333333,(708) 333-3333,708-333-3333,708,Illinois,3
+17084444444,(708) 444-4444,708-444-4444,708,Illinois,4
+17085555555,(708) 555-5555,708-555-5555,708,Illinois,5
+17086666666,(708) 666-6666,708-666-6666,708,Illinois,6
+17087777777,(708) 777-7777,708-777-7777,708,Illinois,7
+17088888888,(708) 888-8888,708-888-8888,708,Illinois,8
+17089999999,(708) 999-9999,708-999-9999,708,Illinois,9
+17121111111,(712) 111-1111,712-111-1111,712,Iowa,1
+17122222222,(712) 222-2222,712-222-2222,712,Iowa,2
+17123333333,(712) 333-3333,712-333-3333,712,Iowa,3
+17124444444,(712) 444-4444,712-444-4444,712,Iowa,4
+17125555555,(712) 555-5555,712-555-5555,712,Iowa,5
+17126666666,(712) 666-6666,712-666-6666,712,Iowa,6
+17127777777,(712) 777-7777,712-777-7777,712,Iowa,7
+17128888888,(712) 888-8888,712-888-8888,712,Iowa,8
+17129999999,(712) 999-9999,712-999-9999,712,Iowa,9
+17131111111,(713) 111-1111,713-111-1111,713,Texas,1
+17132222222,(713) 222-2222,713-222-2222,713,Texas,2
+17133333333,(713) 333-3333,713-333-3333,713,Texas,3
+17134444444,(713) 444-4444,713-444-4444,713,Texas,4
+17135555555,(713) 555-5555,713-555-5555,713,Texas,5
+17136666666,(713) 666-6666,713-666-6666,713,Texas,6
+17137777777,(713) 777-7777,713-777-7777,713,Texas,7
+17138888888,(713) 888-8888,713-888-8888,713,Texas,8
+17139999999,(713) 999-9999,713-999-9999,713,Texas,9
+17141111111,(714) 111-1111,714-111-1111,714,California,1
+17142222222,(714) 222-2222,714-222-2222,714,California,2
+17143333333,(714) 333-3333,714-333-3333,714,California,3
+17144444444,(714) 444-4444,714-444-4444,714,California,4
+17145555555,(714) 555-5555,714-555-5555,714,California,5
+17146666666,(714) 666-6666,714-666-6666,714,California,6
+17147777777,(714) 777-7777,714-777-7777,714,California,7
+17148888888,(714) 888-8888,714-888-8888,714,California,8
+17149999999,(714) 999-9999,714-999-9999,714,California,9
+17151111111,(715) 111-1111,715-111-1111,715,Wisconsin,1
+17152222222,(715) 222-2222,715-222-2222,715,Wisconsin,2
+17153333333,(715) 333-3333,715-333-3333,715,Wisconsin,3
+17154444444,(715) 444-4444,715-444-4444,715,Wisconsin,4
+17155555555,(715) 555-5555,715-555-5555,715,Wisconsin,5
+17156666666,(715) 666-6666,715-666-6666,715,Wisconsin,6
+17157777777,(715) 777-7777,715-777-7777,715,Wisconsin,7
+17158888888,(715) 888-8888,715-888-8888,715,Wisconsin,8
+17159999999,(715) 999-9999,715-999-9999,715,Wisconsin,9
+17161111111,(716) 111-1111,716-111-1111,716,New York,1
+17162222222,(716) 222-2222,716-222-2222,716,New York,2
+17163333333,(716) 333-3333,716-333-3333,716,New York,3
+17164444444,(716) 444-4444,716-444-4444,716,New York,4
+17165555555,(716) 555-5555,716-555-5555,716,New York,5
+17166666666,(716) 666-6666,716-666-6666,716,New York,6
+17167777777,(716) 777-7777,716-777-7777,716,New York,7
+17168888888,(716) 888-8888,716-888-8888,716,New York,8
+17169999999,(716) 999-9999,716-999-9999,716,New York,9
+17171111111,(717) 111-1111,717-111-1111,717,Pennsylvania,1
+17172222222,(717) 222-2222,717-222-2222,717,Pennsylvania,2
+17173333333,(717) 333-3333,717-333-3333,717,Pennsylvania,3
+17174444444,(717) 444-4444,717-444-4444,717,Pennsylvania,4
+17175555555,(717) 555-5555,717-555-5555,717,Pennsylvania,5
+17176666666,(717) 666-6666,717-666-6666,717,Pennsylvania,6
+17177777777,(717) 777-7777,717-777-7777,717,Pennsylvania,7
+17178888888,(717) 888-8888,717-888-8888,717,Pennsylvania,8
+17179999999,(717) 999-9999,717-999-9999,717,Pennsylvania,9
+17181111111,(718) 111-1111,718-111-1111,718,New York,1
+17182222222,(718) 222-2222,718-222-2222,718,New York,2
+17183333333,(718) 333-3333,718-333-3333,718,New York,3
+17184444444,(718) 444-4444,718-444-4444,718,New York,4
+17185555555,(718) 555-5555,718-555-5555,718,New York,5
+17186666666,(718) 666-6666,718-666-6666,718,New York,6
+17187777777,(718) 777-7777,718-777-7777,718,New York,7
+17188888888,(718) 888-8888,718-888-8888,718,New York,8
+17189999999,(718) 999-9999,718-999-9999,718,New York,9
+17191111111,(719) 111-1111,719-111-1111,719,Colorado,1
+17192222222,(719) 222-2222,719-222-2222,719,Colorado,2
+17193333333,(719) 333-3333,719-333-3333,719,Colorado,3
+17194444444,(719) 444-4444,719-444-4444,719,Colorado,4
+17195555555,(719) 555-5555,719-555-5555,719,Colorado,5
+17196666666,(719) 666-6666,719-666-6666,719,Colorado,6
+17197777777,(719) 777-7777,719-777-7777,719,Colorado,7
+17198888888,(719) 888-8888,719-888-8888,719,Colorado,8
+17199999999,(719) 999-9999,719-999-9999,719,Colorado,9
+17201111111,(720) 111-1111,720-111-1111,720,Colorado,1
+17202222222,(720) 222-2222,720-222-2222,720,Colorado,2
+17203333333,(720) 333-3333,720-333-3333,720,Colorado,3
+17204444444,(720) 444-4444,720-444-4444,720,Colorado,4
+17205555555,(720) 555-5555,720-555-5555,720,Colorado,5
+17206666666,(720) 666-6666,720-666-6666,720,Colorado,6
+17207777777,(720) 777-7777,720-777-7777,720,Colorado,7
+17208888888,(720) 888-8888,720-888-8888,720,Colorado,8
+17209999999,(720) 999-9999,720-999-9999,720,Colorado,9
+17241111111,(724) 111-1111,724-111-1111,724,Pennsylvania,1
+17242222222,(724) 222-2222,724-222-2222,724,Pennsylvania,2
+17243333333,(724) 333-3333,724-333-3333,724,Pennsylvania,3
+17244444444,(724) 444-4444,724-444-4444,724,Pennsylvania,4
+17245555555,(724) 555-5555,724-555-5555,724,Pennsylvania,5
+17246666666,(724) 666-6666,724-666-6666,724,Pennsylvania,6
+17247777777,(724) 777-7777,724-777-7777,724,Pennsylvania,7
+17248888888,(724) 888-8888,724-888-8888,724,Pennsylvania,8
+17249999999,(724) 999-9999,724-999-9999,724,Pennsylvania,9
+17251111111,(725) 111-1111,725-111-1111,725,Nevada,1
+17252222222,(725) 222-2222,725-222-2222,725,Nevada,2
+17253333333,(725) 333-3333,725-333-3333,725,Nevada,3
+17254444444,(725) 444-4444,725-444-4444,725,Nevada,4
+17255555555,(725) 555-5555,725-555-5555,725,Nevada,5
+17256666666,(725) 666-6666,725-666-6666,725,Nevada,6
+17257777777,(725) 777-7777,725-777-7777,725,Nevada,7
+17258888888,(725) 888-8888,725-888-8888,725,Nevada,8
+17259999999,(725) 999-9999,725-999-9999,725,Nevada,9
+17261111111,(726) 111-1111,726-111-1111,726,Texas,1
+17262222222,(726) 222-2222,726-222-2222,726,Texas,2
+17263333333,(726) 333-3333,726-333-3333,726,Texas,3
+17264444444,(726) 444-4444,726-444-4444,726,Texas,4
+17265555555,(726) 555-5555,726-555-5555,726,Texas,5
+17266666666,(726) 666-6666,726-666-6666,726,Texas,6
+17267777777,(726) 777-7777,726-777-7777,726,Texas,7
+17268888888,(726) 888-8888,726-888-8888,726,Texas,8
+17269999999,(726) 999-9999,726-999-9999,726,Texas,9
+17271111111,(727) 111-1111,727-111-1111,727,Florida,1
+17272222222,(727) 222-2222,727-222-2222,727,Florida,2
+17273333333,(727) 333-3333,727-333-3333,727,Florida,3
+17274444444,(727) 444-4444,727-444-4444,727,Florida,4
+17275555555,(727) 555-5555,727-555-5555,727,Florida,5
+17276666666,(727) 666-6666,727-666-6666,727,Florida,6
+17277777777,(727) 777-7777,727-777-7777,727,Florida,7
+17278888888,(727) 888-8888,727-888-8888,727,Florida,8
+17279999999,(727) 999-9999,727-999-9999,727,Florida,9
+17281111111,(728) 111-1111,728-111-1111,728,Florida,1
+17282222222,(728) 222-2222,728-222-2222,728,Florida,2
+17283333333,(728) 333-3333,728-333-3333,728,Florida,3
+17284444444,(728) 444-4444,728-444-4444,728,Florida,4
+17285555555,(728) 555-5555,728-555-5555,728,Florida,5
+17286666666,(728) 666-6666,728-666-6666,728,Florida,6
+17287777777,(728) 777-7777,728-777-7777,728,Florida,7
+17288888888,(728) 888-8888,728-888-8888,728,Florida,8
+17289999999,(728) 999-9999,728-999-9999,728,Florida,9
+17301111111,(730) 111-1111,730-111-1111,730,Illinois,1
+17302222222,(730) 222-2222,730-222-2222,730,Illinois,2
+17303333333,(730) 333-3333,730-333-3333,730,Illinois,3
+17304444444,(730) 444-4444,730-444-4444,730,Illinois,4
+17305555555,(730) 555-5555,730-555-5555,730,Illinois,5
+17306666666,(730) 666-6666,730-666-6666,730,Illinois,6
+17307777777,(730) 777-7777,730-777-7777,730,Illinois,7
+17308888888,(730) 888-8888,730-888-8888,730,Illinois,8
+17309999999,(730) 999-9999,730-999-9999,730,Illinois,9
+17311111111,(731) 111-1111,731-111-1111,731,Tennessee,1
+17312222222,(731) 222-2222,731-222-2222,731,Tennessee,2
+17313333333,(731) 333-3333,731-333-3333,731,Tennessee,3
+17314444444,(731) 444-4444,731-444-4444,731,Tennessee,4
+17315555555,(731) 555-5555,731-555-5555,731,Tennessee,5
+17316666666,(731) 666-6666,731-666-6666,731,Tennessee,6
+17317777777,(731) 777-7777,731-777-7777,731,Tennessee,7
+17318888888,(731) 888-8888,731-888-8888,731,Tennessee,8
+17319999999,(731) 999-9999,731-999-9999,731,Tennessee,9
+17321111111,(732) 111-1111,732-111-1111,732,New Jersey,1
+17322222222,(732) 222-2222,732-222-2222,732,New Jersey,2
+17323333333,(732) 333-3333,732-333-3333,732,New Jersey,3
+17324444444,(732) 444-4444,732-444-4444,732,New Jersey,4
+17325555555,(732) 555-5555,732-555-5555,732,New Jersey,5
+17326666666,(732) 666-6666,732-666-6666,732,New Jersey,6
+17327777777,(732) 777-7777,732-777-7777,732,New Jersey,7
+17328888888,(732) 888-8888,732-888-8888,732,New Jersey,8
+17329999999,(732) 999-9999,732-999-9999,732,New Jersey,9
+17341111111,(734) 111-1111,734-111-1111,734,Michigan,1
+17342222222,(734) 222-2222,734-222-2222,734,Michigan,2
+17343333333,(734) 333-3333,734-333-3333,734,Michigan,3
+17344444444,(734) 444-4444,734-444-4444,734,Michigan,4
+17345555555,(734) 555-5555,734-555-5555,734,Michigan,5
+17346666666,(734) 666-6666,734-666-6666,734,Michigan,6
+17347777777,(734) 777-7777,734-777-7777,734,Michigan,7
+17348888888,(734) 888-8888,734-888-8888,734,Michigan,8
+17349999999,(734) 999-9999,734-999-9999,734,Michigan,9
+17371111111,(737) 111-1111,737-111-1111,737,Texas,1
+17372222222,(737) 222-2222,737-222-2222,737,Texas,2
+17373333333,(737) 333-3333,737-333-3333,737,Texas,3
+17374444444,(737) 444-4444,737-444-4444,737,Texas,4
+17375555555,(737) 555-5555,737-555-5555,737,Texas,5
+17376666666,(737) 666-6666,737-666-6666,737,Texas,6
+17377777777,(737) 777-7777,737-777-7777,737,Texas,7
+17378888888,(737) 888-8888,737-888-8888,737,Texas,8
+17379999999,(737) 999-9999,737-999-9999,737,Texas,9
+17381111111,(738) 111-1111,738-111-1111,738,California,1
+17382222222,(738) 222-2222,738-222-2222,738,California,2
+17383333333,(738) 333-3333,738-333-3333,738,California,3
+17384444444,(738) 444-4444,738-444-4444,738,California,4
+17385555555,(738) 555-5555,738-555-5555,738,California,5
+17386666666,(738) 666-6666,738-666-6666,738,California,6
+17387777777,(738) 777-7777,738-777-7777,738,California,7
+17388888888,(738) 888-8888,738-888-8888,738,California,8
+17389999999,(738) 999-9999,738-999-9999,738,California,9
+17401111111,(740) 111-1111,740-111-1111,740,Ohio,1
+17402222222,(740) 222-2222,740-222-2222,740,Ohio,2
+17403333333,(740) 333-3333,740-333-3333,740,Ohio,3
+17404444444,(740) 444-4444,740-444-4444,740,Ohio,4
+17405555555,(740) 555-5555,740-555-5555,740,Ohio,5
+17406666666,(740) 666-6666,740-666-6666,740,Ohio,6
+17407777777,(740) 777-7777,740-777-7777,740,Ohio,7
+17408888888,(740) 888-8888,740-888-8888,740,Ohio,8
+17409999999,(740) 999-9999,740-999-9999,740,Ohio,9
+17431111111,(743) 111-1111,743-111-1111,743,North Carolina,1
+17432222222,(743) 222-2222,743-222-2222,743,North Carolina,2
+17433333333,(743) 333-3333,743-333-3333,743,North Carolina,3
+17434444444,(743) 444-4444,743-444-4444,743,North Carolina,4
+17435555555,(743) 555-5555,743-555-5555,743,North Carolina,5
+17436666666,(743) 666-6666,743-666-6666,743,North Carolina,6
+17437777777,(743) 777-7777,743-777-7777,743,North Carolina,7
+17438888888,(743) 888-8888,743-888-8888,743,North Carolina,8
+17439999999,(743) 999-9999,743-999-9999,743,North Carolina,9
+17471111111,(747) 111-1111,747-111-1111,747,California,1
+17472222222,(747) 222-2222,747-222-2222,747,California,2
+17473333333,(747) 333-3333,747-333-3333,747,California,3
+17474444444,(747) 444-4444,747-444-4444,747,California,4
+17475555555,(747) 555-5555,747-555-5555,747,California,5
+17476666666,(747) 666-6666,747-666-6666,747,California,6
+17477777777,(747) 777-7777,747-777-7777,747,California,7
+17478888888,(747) 888-8888,747-888-8888,747,California,8
+17479999999,(747) 999-9999,747-999-9999,747,California,9
+17481111111,(748) 111-1111,748-111-1111,748,Colorado,1
+17482222222,(748) 222-2222,748-222-2222,748,Colorado,2
+17483333333,(748) 333-3333,748-333-3333,748,Colorado,3
+17484444444,(748) 444-4444,748-444-4444,748,Colorado,4
+17485555555,(748) 555-5555,748-555-5555,748,Colorado,5
+17486666666,(748) 666-6666,748-666-6666,748,Colorado,6
+17487777777,(748) 777-7777,748-777-7777,748,Colorado,7
+17488888888,(748) 888-8888,748-888-8888,748,Colorado,8
+17489999999,(748) 999-9999,748-999-9999,748,Colorado,9
+17541111111,(754) 111-1111,754-111-1111,754,Florida,1
+17542222222,(754) 222-2222,754-222-2222,754,Florida,2
+17543333333,(754) 333-3333,754-333-3333,754,Florida,3
+17544444444,(754) 444-4444,754-444-4444,754,Florida,4
+17545555555,(754) 555-5555,754-555-5555,754,Florida,5
+17546666666,(754) 666-6666,754-666-6666,754,Florida,6
+17547777777,(754) 777-7777,754-777-7777,754,Florida,7
+17548888888,(754) 888-8888,754-888-8888,754,Florida,8
+17549999999,(754) 999-9999,754-999-9999,754,Florida,9
+17571111111,(757) 111-1111,757-111-1111,757,Virginia,1
+17572222222,(757) 222-2222,757-222-2222,757,Virginia,2
+17573333333,(757) 333-3333,757-333-3333,757,Virginia,3
+17574444444,(757) 444-4444,757-444-4444,757,Virginia,4
+17575555555,(757) 555-5555,757-555-5555,757,Virginia,5
+17576666666,(757) 666-6666,757-666-6666,757,Virginia,6
+17577777777,(757) 777-7777,757-777-7777,757,Virginia,7
+17578888888,(757) 888-8888,757-888-8888,757,Virginia,8
+17579999999,(757) 999-9999,757-999-9999,757,Virginia,9
+17601111111,(760) 111-1111,760-111-1111,760,California,1
+17602222222,(760) 222-2222,760-222-2222,760,California,2
+17603333333,(760) 333-3333,760-333-3333,760,California,3
+17604444444,(760) 444-4444,760-444-4444,760,California,4
+17605555555,(760) 555-5555,760-555-5555,760,California,5
+17606666666,(760) 666-6666,760-666-6666,760,California,6
+17607777777,(760) 777-7777,760-777-7777,760,California,7
+17608888888,(760) 888-8888,760-888-8888,760,California,8
+17609999999,(760) 999-9999,760-999-9999,760,California,9
+17621111111,(762) 111-1111,762-111-1111,762,Georgia,1
+17622222222,(762) 222-2222,762-222-2222,762,Georgia,2
+17623333333,(762) 333-3333,762-333-3333,762,Georgia,3
+17624444444,(762) 444-4444,762-444-4444,762,Georgia,4
+17625555555,(762) 555-5555,762-555-5555,762,Georgia,5
+17626666666,(762) 666-6666,762-666-6666,762,Georgia,6
+17627777777,(762) 777-7777,762-777-7777,762,Georgia,7
+17628888888,(762) 888-8888,762-888-8888,762,Georgia,8
+17629999999,(762) 999-9999,762-999-9999,762,Georgia,9
+17631111111,(763) 111-1111,763-111-1111,763,Minnesota,1
+17632222222,(763) 222-2222,763-222-2222,763,Minnesota,2
+17633333333,(763) 333-3333,763-333-3333,763,Minnesota,3
+17634444444,(763) 444-4444,763-444-4444,763,Minnesota,4
+17635555555,(763) 555-5555,763-555-5555,763,Minnesota,5
+17636666666,(763) 666-6666,763-666-6666,763,Minnesota,6
+17637777777,(763) 777-7777,763-777-7777,763,Minnesota,7
+17638888888,(763) 888-8888,763-888-8888,763,Minnesota,8
+17639999999,(763) 999-9999,763-999-9999,763,Minnesota,9
+17651111111,(765) 111-1111,765-111-1111,765,Indiana,1
+17652222222,(765) 222-2222,765-222-2222,765,Indiana,2
+17653333333,(765) 333-3333,765-333-3333,765,Indiana,3
+17654444444,(765) 444-4444,765-444-4444,765,Indiana,4
+17655555555,(765) 555-5555,765-555-5555,765,Indiana,5
+17656666666,(765) 666-6666,765-666-6666,765,Indiana,6
+17657777777,(765) 777-7777,765-777-7777,765,Indiana,7
+17658888888,(765) 888-8888,765-888-8888,765,Indiana,8
+17659999999,(765) 999-9999,765-999-9999,765,Indiana,9
+17691111111,(769) 111-1111,769-111-1111,769,Mississippi,1
+17692222222,(769) 222-2222,769-222-2222,769,Mississippi,2
+17693333333,(769) 333-3333,769-333-3333,769,Mississippi,3
+17694444444,(769) 444-4444,769-444-4444,769,Mississippi,4
+17695555555,(769) 555-5555,769-555-5555,769,Mississippi,5
+17696666666,(769) 666-6666,769-666-6666,769,Mississippi,6
+17697777777,(769) 777-7777,769-777-7777,769,Mississippi,7
+17698888888,(769) 888-8888,769-888-8888,769,Mississippi,8
+17699999999,(769) 999-9999,769-999-9999,769,Mississippi,9
+17701111111,(770) 111-1111,770-111-1111,770,Georgia,1
+17702222222,(770) 222-2222,770-222-2222,770,Georgia,2
+17703333333,(770) 333-3333,770-333-3333,770,Georgia,3
+17704444444,(770) 444-4444,770-444-4444,770,Georgia,4
+17705555555,(770) 555-5555,770-555-5555,770,Georgia,5
+17706666666,(770) 666-6666,770-666-6666,770,Georgia,6
+17707777777,(770) 777-7777,770-777-7777,770,Georgia,7
+17708888888,(770) 888-8888,770-888-8888,770,Georgia,8
+17709999999,(770) 999-9999,770-999-9999,770,Georgia,9
+17711111111,(771) 111-1111,771-111-1111,771,District of Columbia,1
+17712222222,(771) 222-2222,771-222-2222,771,District of Columbia,2
+17713333333,(771) 333-3333,771-333-3333,771,District of Columbia,3
+17714444444,(771) 444-4444,771-444-4444,771,District of Columbia,4
+17715555555,(771) 555-5555,771-555-5555,771,District of Columbia,5
+17716666666,(771) 666-6666,771-666-6666,771,District of Columbia,6
+17717777777,(771) 777-7777,771-777-7777,771,District of Columbia,7
+17718888888,(771) 888-8888,771-888-8888,771,District of Columbia,8
+17719999999,(771) 999-9999,771-999-9999,771,District of Columbia,9
+17721111111,(772) 111-1111,772-111-1111,772,Florida,1
+17722222222,(772) 222-2222,772-222-2222,772,Florida,2
+17723333333,(772) 333-3333,772-333-3333,772,Florida,3
+17724444444,(772) 444-4444,772-444-4444,772,Florida,4
+17725555555,(772) 555-5555,772-555-5555,772,Florida,5
+17726666666,(772) 666-6666,772-666-6666,772,Florida,6
+17727777777,(772) 777-7777,772-777-7777,772,Florida,7
+17728888888,(772) 888-8888,772-888-8888,772,Florida,8
+17729999999,(772) 999-9999,772-999-9999,772,Florida,9
+17731111111,(773) 111-1111,773-111-1111,773,Illinois,1
+17732222222,(773) 222-2222,773-222-2222,773,Illinois,2
+17733333333,(773) 333-3333,773-333-3333,773,Illinois,3
+17734444444,(773) 444-4444,773-444-4444,773,Illinois,4
+17735555555,(773) 555-5555,773-555-5555,773,Illinois,5
+17736666666,(773) 666-6666,773-666-6666,773,Illinois,6
+17737777777,(773) 777-7777,773-777-7777,773,Illinois,7
+17738888888,(773) 888-8888,773-888-8888,773,Illinois,8
+17739999999,(773) 999-9999,773-999-9999,773,Illinois,9
+17741111111,(774) 111-1111,774-111-1111,774,Massachusetts,1
+17742222222,(774) 222-2222,774-222-2222,774,Massachusetts,2
+17743333333,(774) 333-3333,774-333-3333,774,Massachusetts,3
+17744444444,(774) 444-4444,774-444-4444,774,Massachusetts,4
+17745555555,(774) 555-5555,774-555-5555,774,Massachusetts,5
+17746666666,(774) 666-6666,774-666-6666,774,Massachusetts,6
+17747777777,(774) 777-7777,774-777-7777,774,Massachusetts,7
+17748888888,(774) 888-8888,774-888-8888,774,Massachusetts,8
+17749999999,(774) 999-9999,774-999-9999,774,Massachusetts,9
+17751111111,(775) 111-1111,775-111-1111,775,Nevada,1
+17752222222,(775) 222-2222,775-222-2222,775,Nevada,2
+17753333333,(775) 333-3333,775-333-3333,775,Nevada,3
+17754444444,(775) 444-4444,775-444-4444,775,Nevada,4
+17755555555,(775) 555-5555,775-555-5555,775,Nevada,5
+17756666666,(775) 666-6666,775-666-6666,775,Nevada,6
+17757777777,(775) 777-7777,775-777-7777,775,Nevada,7
+17758888888,(775) 888-8888,775-888-8888,775,Nevada,8
+17759999999,(775) 999-9999,775-999-9999,775,Nevada,9
+17791111111,(779) 111-1111,779-111-1111,779,Illinois,1
+17792222222,(779) 222-2222,779-222-2222,779,Illinois,2
+17793333333,(779) 333-3333,779-333-3333,779,Illinois,3
+17794444444,(779) 444-4444,779-444-4444,779,Illinois,4
+17795555555,(779) 555-5555,779-555-5555,779,Illinois,5
+17796666666,(779) 666-6666,779-666-6666,779,Illinois,6
+17797777777,(779) 777-7777,779-777-7777,779,Illinois,7
+17798888888,(779) 888-8888,779-888-8888,779,Illinois,8
+17799999999,(779) 999-9999,779-999-9999,779,Illinois,9
+17811111111,(781) 111-1111,781-111-1111,781,Massachusetts,1
+17812222222,(781) 222-2222,781-222-2222,781,Massachusetts,2
+17813333333,(781) 333-3333,781-333-3333,781,Massachusetts,3
+17814444444,(781) 444-4444,781-444-4444,781,Massachusetts,4
+17815555555,(781) 555-5555,781-555-5555,781,Massachusetts,5
+17816666666,(781) 666-6666,781-666-6666,781,Massachusetts,6
+17817777777,(781) 777-7777,781-777-7777,781,Massachusetts,7
+17818888888,(781) 888-8888,781-888-8888,781,Massachusetts,8
+17819999999,(781) 999-9999,781-999-9999,781,Massachusetts,9
+17851111111,(785) 111-1111,785-111-1111,785,Kansas,1
+17852222222,(785) 222-2222,785-222-2222,785,Kansas,2
+17853333333,(785) 333-3333,785-333-3333,785,Kansas,3
+17854444444,(785) 444-4444,785-444-4444,785,Kansas,4
+17855555555,(785) 555-5555,785-555-5555,785,Kansas,5
+17856666666,(785) 666-6666,785-666-6666,785,Kansas,6
+17857777777,(785) 777-7777,785-777-7777,785,Kansas,7
+17858888888,(785) 888-8888,785-888-8888,785,Kansas,8
+17859999999,(785) 999-9999,785-999-9999,785,Kansas,9
+17861111111,(786) 111-1111,786-111-1111,786,Florida,1
+17862222222,(786) 222-2222,786-222-2222,786,Florida,2
+17863333333,(786) 333-3333,786-333-3333,786,Florida,3
+17864444444,(786) 444-4444,786-444-4444,786,Florida,4
+17865555555,(786) 555-5555,786-555-5555,786,Florida,5
+17866666666,(786) 666-6666,786-666-6666,786,Florida,6
+17867777777,(786) 777-7777,786-777-7777,786,Florida,7
+17868888888,(786) 888-8888,786-888-8888,786,Florida,8
+17869999999,(786) 999-9999,786-999-9999,786,Florida,9
+17871111111,(787) 111-1111,787-111-1111,787,Puerto Rico,1
+17872222222,(787) 222-2222,787-222-2222,787,Puerto Rico,2
+17873333333,(787) 333-3333,787-333-3333,787,Puerto Rico,3
+17874444444,(787) 444-4444,787-444-4444,787,Puerto Rico,4
+17875555555,(787) 555-5555,787-555-5555,787,Puerto Rico,5
+17876666666,(787) 666-6666,787-666-6666,787,Puerto Rico,6
+17877777777,(787) 777-7777,787-777-7777,787,Puerto Rico,7
+17878888888,(787) 888-8888,787-888-8888,787,Puerto Rico,8
+17879999999,(787) 999-9999,787-999-9999,787,Puerto Rico,9
+18011111111,(801) 111-1111,801-111-1111,801,Utah,1
+18012222222,(801) 222-2222,801-222-2222,801,Utah,2
+18013333333,(801) 333-3333,801-333-3333,801,Utah,3
+18014444444,(801) 444-4444,801-444-4444,801,Utah,4
+18015555555,(801) 555-5555,801-555-5555,801,Utah,5
+18016666666,(801) 666-6666,801-666-6666,801,Utah,6
+18017777777,(801) 777-7777,801-777-7777,801,Utah,7
+18018888888,(801) 888-8888,801-888-8888,801,Utah,8
+18019999999,(801) 999-9999,801-999-9999,801,Utah,9
+18021111111,(802) 111-1111,802-111-1111,802,Vermont,1
+18022222222,(802) 222-2222,802-222-2222,802,Vermont,2
+18023333333,(802) 333-3333,802-333-3333,802,Vermont,3
+18024444444,(802) 444-4444,802-444-4444,802,Vermont,4
+18025555555,(802) 555-5555,802-555-5555,802,Vermont,5
+18026666666,(802) 666-6666,802-666-6666,802,Vermont,6
+18027777777,(802) 777-7777,802-777-7777,802,Vermont,7
+18028888888,(802) 888-8888,802-888-8888,802,Vermont,8
+18029999999,(802) 999-9999,802-999-9999,802,Vermont,9
+18031111111,(803) 111-1111,803-111-1111,803,South Carolina,1
+18032222222,(803) 222-2222,803-222-2222,803,South Carolina,2
+18033333333,(803) 333-3333,803-333-3333,803,South Carolina,3
+18034444444,(803) 444-4444,803-444-4444,803,South Carolina,4
+18035555555,(803) 555-5555,803-555-5555,803,South Carolina,5
+18036666666,(803) 666-6666,803-666-6666,803,South Carolina,6
+18037777777,(803) 777-7777,803-777-7777,803,South Carolina,7
+18038888888,(803) 888-8888,803-888-8888,803,South Carolina,8
+18039999999,(803) 999-9999,803-999-9999,803,South Carolina,9
+18041111111,(804) 111-1111,804-111-1111,804,Virginia,1
+18042222222,(804) 222-2222,804-222-2222,804,Virginia,2
+18043333333,(804) 333-3333,804-333-3333,804,Virginia,3
+18044444444,(804) 444-4444,804-444-4444,804,Virginia,4
+18045555555,(804) 555-5555,804-555-5555,804,Virginia,5
+18046666666,(804) 666-6666,804-666-6666,804,Virginia,6
+18047777777,(804) 777-7777,804-777-7777,804,Virginia,7
+18048888888,(804) 888-8888,804-888-8888,804,Virginia,8
+18049999999,(804) 999-9999,804-999-9999,804,Virginia,9
+18051111111,(805) 111-1111,805-111-1111,805,California,1
+18052222222,(805) 222-2222,805-222-2222,805,California,2
+18053333333,(805) 333-3333,805-333-3333,805,California,3
+18054444444,(805) 444-4444,805-444-4444,805,California,4
+18055555555,(805) 555-5555,805-555-5555,805,California,5
+18056666666,(805) 666-6666,805-666-6666,805,California,6
+18057777777,(805) 777-7777,805-777-7777,805,California,7
+18058888888,(805) 888-8888,805-888-8888,805,California,8
+18059999999,(805) 999-9999,805-999-9999,805,California,9
+18061111111,(806) 111-1111,806-111-1111,806,Texas,1
+18062222222,(806) 222-2222,806-222-2222,806,Texas,2
+18063333333,(806) 333-3333,806-333-3333,806,Texas,3
+18064444444,(806) 444-4444,806-444-4444,806,Texas,4
+18065555555,(806) 555-5555,806-555-5555,806,Texas,5
+18066666666,(806) 666-6666,806-666-6666,806,Texas,6
+18067777777,(806) 777-7777,806-777-7777,806,Texas,7
+18068888888,(806) 888-8888,806-888-8888,806,Texas,8
+18069999999,(806) 999-9999,806-999-9999,806,Texas,9
+18081111111,(808) 111-1111,808-111-1111,808,Hawaii,1
+18082222222,(808) 222-2222,808-222-2222,808,Hawaii,2
+18083333333,(808) 333-3333,808-333-3333,808,Hawaii,3
+18084444444,(808) 444-4444,808-444-4444,808,Hawaii,4
+18085555555,(808) 555-5555,808-555-5555,808,Hawaii,5
+18086666666,(808) 666-6666,808-666-6666,808,Hawaii,6
+18087777777,(808) 777-7777,808-777-7777,808,Hawaii,7
+18088888888,(808) 888-8888,808-888-8888,808,Hawaii,8
+18089999999,(808) 999-9999,808-999-9999,808,Hawaii,9
+18101111111,(810) 111-1111,810-111-1111,810,Michigan,1
+18102222222,(810) 222-2222,810-222-2222,810,Michigan,2
+18103333333,(810) 333-3333,810-333-3333,810,Michigan,3
+18104444444,(810) 444-4444,810-444-4444,810,Michigan,4
+18105555555,(810) 555-5555,810-555-5555,810,Michigan,5
+18106666666,(810) 666-6666,810-666-6666,810,Michigan,6
+18107777777,(810) 777-7777,810-777-7777,810,Michigan,7
+18108888888,(810) 888-8888,810-888-8888,810,Michigan,8
+18109999999,(810) 999-9999,810-999-9999,810,Michigan,9
+18121111111,(812) 111-1111,812-111-1111,812,Indiana,1
+18122222222,(812) 222-2222,812-222-2222,812,Indiana,2
+18123333333,(812) 333-3333,812-333-3333,812,Indiana,3
+18124444444,(812) 444-4444,812-444-4444,812,Indiana,4
+18125555555,(812) 555-5555,812-555-5555,812,Indiana,5
+18126666666,(812) 666-6666,812-666-6666,812,Indiana,6
+18127777777,(812) 777-7777,812-777-7777,812,Indiana,7
+18128888888,(812) 888-8888,812-888-8888,812,Indiana,8
+18129999999,(812) 999-9999,812-999-9999,812,Indiana,9
+18131111111,(813) 111-1111,813-111-1111,813,Florida,1
+18132222222,(813) 222-2222,813-222-2222,813,Florida,2
+18133333333,(813) 333-3333,813-333-3333,813,Florida,3
+18134444444,(813) 444-4444,813-444-4444,813,Florida,4
+18135555555,(813) 555-5555,813-555-5555,813,Florida,5
+18136666666,(813) 666-6666,813-666-6666,813,Florida,6
+18137777777,(813) 777-7777,813-777-7777,813,Florida,7
+18138888888,(813) 888-8888,813-888-8888,813,Florida,8
+18139999999,(813) 999-9999,813-999-9999,813,Florida,9
+18141111111,(814) 111-1111,814-111-1111,814,Pennsylvania,1
+18142222222,(814) 222-2222,814-222-2222,814,Pennsylvania,2
+18143333333,(814) 333-3333,814-333-3333,814,Pennsylvania,3
+18144444444,(814) 444-4444,814-444-4444,814,Pennsylvania,4
+18145555555,(814) 555-5555,814-555-5555,814,Pennsylvania,5
+18146666666,(814) 666-6666,814-666-6666,814,Pennsylvania,6
+18147777777,(814) 777-7777,814-777-7777,814,Pennsylvania,7
+18148888888,(814) 888-8888,814-888-8888,814,Pennsylvania,8
+18149999999,(814) 999-9999,814-999-9999,814,Pennsylvania,9
+18151111111,(815) 111-1111,815-111-1111,815,Illinois,1
+18152222222,(815) 222-2222,815-222-2222,815,Illinois,2
+18153333333,(815) 333-3333,815-333-3333,815,Illinois,3
+18154444444,(815) 444-4444,815-444-4444,815,Illinois,4
+18155555555,(815) 555-5555,815-555-5555,815,Illinois,5
+18156666666,(815) 666-6666,815-666-6666,815,Illinois,6
+18157777777,(815) 777-7777,815-777-7777,815,Illinois,7
+18158888888,(815) 888-8888,815-888-8888,815,Illinois,8
+18159999999,(815) 999-9999,815-999-9999,815,Illinois,9
+18161111111,(816) 111-1111,816-111-1111,816,Missouri,1
+18162222222,(816) 222-2222,816-222-2222,816,Missouri,2
+18163333333,(816) 333-3333,816-333-3333,816,Missouri,3
+18164444444,(816) 444-4444,816-444-4444,816,Missouri,4
+18165555555,(816) 555-5555,816-555-5555,816,Missouri,5
+18166666666,(816) 666-6666,816-666-6666,816,Missouri,6
+18167777777,(816) 777-7777,816-777-7777,816,Missouri,7
+18168888888,(816) 888-8888,816-888-8888,816,Missouri,8
+18169999999,(816) 999-9999,816-999-9999,816,Missouri,9
+18171111111,(817) 111-1111,817-111-1111,817,Texas,1
+18172222222,(817) 222-2222,817-222-2222,817,Texas,2
+18173333333,(817) 333-3333,817-333-3333,817,Texas,3
+18174444444,(817) 444-4444,817-444-4444,817,Texas,4
+18175555555,(817) 555-5555,817-555-5555,817,Texas,5
+18176666666,(817) 666-6666,817-666-6666,817,Texas,6
+18177777777,(817) 777-7777,817-777-7777,817,Texas,7
+18178888888,(817) 888-8888,817-888-8888,817,Texas,8
+18179999999,(817) 999-9999,817-999-9999,817,Texas,9
+18181111111,(818) 111-1111,818-111-1111,818,California,1
+18182222222,(818) 222-2222,818-222-2222,818,California,2
+18183333333,(818) 333-3333,818-333-3333,818,California,3
+18184444444,(818) 444-4444,818-444-4444,818,California,4
+18185555555,(818) 555-5555,818-555-5555,818,California,5
+18186666666,(818) 666-6666,818-666-6666,818,California,6
+18187777777,(818) 777-7777,818-777-7777,818,California,7
+18188888888,(818) 888-8888,818-888-8888,818,California,8
+18189999999,(818) 999-9999,818-999-9999,818,California,9
+18201111111,(820) 111-1111,820-111-1111,820,California,1
+18202222222,(820) 222-2222,820-222-2222,820,California,2
+18203333333,(820) 333-3333,820-333-3333,820,California,3
+18204444444,(820) 444-4444,820-444-4444,820,California,4
+18205555555,(820) 555-5555,820-555-5555,820,California,5
+18206666666,(820) 666-6666,820-666-6666,820,California,6
+18207777777,(820) 777-7777,820-777-7777,820,California,7
+18208888888,(820) 888-8888,820-888-8888,820,California,8
+18209999999,(820) 999-9999,820-999-9999,820,California,9
+18211111111,(821) 111-1111,821-111-1111,821,South Carolina,1
+18212222222,(821) 222-2222,821-222-2222,821,South Carolina,2
+18213333333,(821) 333-3333,821-333-3333,821,South Carolina,3
+18214444444,(821) 444-4444,821-444-4444,821,South Carolina,4
+18215555555,(821) 555-5555,821-555-5555,821,South Carolina,5
+18216666666,(821) 666-6666,821-666-6666,821,South Carolina,6
+18217777777,(821) 777-7777,821-777-7777,821,South Carolina,7
+18218888888,(821) 888-8888,821-888-8888,821,South Carolina,8
+18219999999,(821) 999-9999,821-999-9999,821,South Carolina,9
+18251111111,(825) 111-1111,825-111-1111,825,Texas,1
+18252222222,(825) 222-2222,825-222-2222,825,Texas,2
+18253333333,(825) 333-3333,825-333-3333,825,Texas,3
+18254444444,(825) 444-4444,825-444-4444,825,Texas,4
+18255555555,(825) 555-5555,825-555-5555,825,Texas,5
+18256666666,(825) 666-6666,825-666-6666,825,Texas,6
+18257777777,(825) 777-7777,825-777-7777,825,Texas,7
+18258888888,(825) 888-8888,825-888-8888,825,Texas,8
+18259999999,(825) 999-9999,825-999-9999,825,Texas,9
+18261111111,(826) 111-1111,826-111-1111,826,Virginia,1
+18262222222,(826) 222-2222,826-222-2222,826,Virginia,2
+18263333333,(826) 333-3333,826-333-3333,826,Virginia,3
+18264444444,(826) 444-4444,826-444-4444,826,Virginia,4
+18265555555,(826) 555-5555,826-555-5555,826,Virginia,5
+18266666666,(826) 666-6666,826-666-6666,826,Virginia,6
+18267777777,(826) 777-7777,826-777-7777,826,Virginia,7
+18268888888,(826) 888-8888,826-888-8888,826,Virginia,8
+18269999999,(826) 999-9999,826-999-9999,826,Virginia,9
+18281111111,(828) 111-1111,828-111-1111,828,North Carolina,1
+18282222222,(828) 222-2222,828-222-2222,828,North Carolina,2
+18283333333,(828) 333-3333,828-333-3333,828,North Carolina,3
+18284444444,(828) 444-4444,828-444-4444,828,North Carolina,4
+18285555555,(828) 555-5555,828-555-5555,828,North Carolina,5
+18286666666,(828) 666-6666,828-666-6666,828,North Carolina,6
+18287777777,(828) 777-7777,828-777-7777,828,North Carolina,7
+18288888888,(828) 888-8888,828-888-8888,828,North Carolina,8
+18289999999,(828) 999-9999,828-999-9999,828,North Carolina,9
+18301111111,(830) 111-1111,830-111-1111,830,Texas,1
+18302222222,(830) 222-2222,830-222-2222,830,Texas,2
+18303333333,(830) 333-3333,830-333-3333,830,Texas,3
+18304444444,(830) 444-4444,830-444-4444,830,Texas,4
+18305555555,(830) 555-5555,830-555-5555,830,Texas,5
+18306666666,(830) 666-6666,830-666-6666,830,Texas,6
+18307777777,(830) 777-7777,830-777-7777,830,Texas,7
+18308888888,(830) 888-8888,830-888-8888,830,Texas,8
+18309999999,(830) 999-9999,830-999-9999,830,Texas,9
+18311111111,(831) 111-1111,831-111-1111,831,California,1
+18312222222,(831) 222-2222,831-222-2222,831,California,2
+18313333333,(831) 333-3333,831-333-3333,831,California,3
+18314444444,(831) 444-4444,831-444-4444,831,California,4
+18315555555,(831) 555-5555,831-555-5555,831,California,5
+18316666666,(831) 666-6666,831-666-6666,831,California,6
+18317777777,(831) 777-7777,831-777-7777,831,California,7
+18318888888,(831) 888-8888,831-888-8888,831,California,8
+18319999999,(831) 999-9999,831-999-9999,831,California,9
+18321111111,(832) 111-1111,832-111-1111,832,Texas,1
+18322222222,(832) 222-2222,832-222-2222,832,Texas,2
+18323333333,(832) 333-3333,832-333-3333,832,Texas,3
+18324444444,(832) 444-4444,832-444-4444,832,Texas,4
+18325555555,(832) 555-5555,832-555-5555,832,Texas,5
+18326666666,(832) 666-6666,832-666-6666,832,Texas,6
+18327777777,(832) 777-7777,832-777-7777,832,Texas,7
+18328888888,(832) 888-8888,832-888-8888,832,Texas,8
+18329999999,(832) 999-9999,832-999-9999,832,Texas,9
+18351111111,(835) 111-1111,835-111-1111,835,Pennsylvania,1
+18352222222,(835) 222-2222,835-222-2222,835,Pennsylvania,2
+18353333333,(835) 333-3333,835-333-3333,835,Pennsylvania,3
+18354444444,(835) 444-4444,835-444-4444,835,Pennsylvania,4
+18355555555,(835) 555-5555,835-555-5555,835,Pennsylvania,5
+18356666666,(835) 666-6666,835-666-6666,835,Pennsylvania,6
+18357777777,(835) 777-7777,835-777-7777,835,Pennsylvania,7
+18358888888,(835) 888-8888,835-888-8888,835,Pennsylvania,8
+18359999999,(835) 999-9999,835-999-9999,835,Pennsylvania,9
+18371111111,(837) 111-1111,837-111-1111,837,California,1
+18372222222,(837) 222-2222,837-222-2222,837,California,2
+18373333333,(837) 333-3333,837-333-3333,837,California,3
+18374444444,(837) 444-4444,837-444-4444,837,California,4
+18375555555,(837) 555-5555,837-555-5555,837,California,5
+18376666666,(837) 666-6666,837-666-6666,837,California,6
+18377777777,(837) 777-7777,837-777-7777,837,California,7
+18378888888,(837) 888-8888,837-888-8888,837,California,8
+18379999999,(837) 999-9999,837-999-9999,837,California,9
+18381111111,(838) 111-1111,838-111-1111,838,New York,1
+18382222222,(838) 222-2222,838-222-2222,838,New York,2
+18383333333,(838) 333-3333,838-333-3333,838,New York,3
+18384444444,(838) 444-4444,838-444-4444,838,New York,4
+18385555555,(838) 555-5555,838-555-5555,838,New York,5
+18386666666,(838) 666-6666,838-666-6666,838,New York,6
+18387777777,(838) 777-7777,838-777-7777,838,New York,7
+18388888888,(838) 888-8888,838-888-8888,838,New York,8
+18389999999,(838) 999-9999,838-999-9999,838,New York,9
+18391111111,(839) 111-1111,839-111-1111,839,South Carolina,1
+18392222222,(839) 222-2222,839-222-2222,839,South Carolina,2
+18393333333,(839) 333-3333,839-333-3333,839,South Carolina,3
+18394444444,(839) 444-4444,839-444-4444,839,South Carolina,4
+18395555555,(839) 555-5555,839-555-5555,839,South Carolina,5
+18396666666,(839) 666-6666,839-666-6666,839,South Carolina,6
+18397777777,(839) 777-7777,839-777-7777,839,South Carolina,7
+18398888888,(839) 888-8888,839-888-8888,839,South Carolina,8
+18399999999,(839) 999-9999,839-999-9999,839,South Carolina,9
+18401111111,(840) 111-1111,840-111-1111,840,California,1
+18402222222,(840) 222-2222,840-222-2222,840,California,2
+18403333333,(840) 333-3333,840-333-3333,840,California,3
+18404444444,(840) 444-4444,840-444-4444,840,California,4
+18405555555,(840) 555-5555,840-555-5555,840,California,5
+18406666666,(840) 666-6666,840-666-6666,840,California,6
+18407777777,(840) 777-7777,840-777-7777,840,California,7
+18408888888,(840) 888-8888,840-888-8888,840,California,8
+18409999999,(840) 999-9999,840-999-9999,840,California,9
+18431111111,(843) 111-1111,843-111-1111,843,South Carolina,1
+18432222222,(843) 222-2222,843-222-2222,843,South Carolina,2
+18433333333,(843) 333-3333,843-333-3333,843,South Carolina,3
+18434444444,(843) 444-4444,843-444-4444,843,South Carolina,4
+18435555555,(843) 555-5555,843-555-5555,843,South Carolina,5
+18436666666,(843) 666-6666,843-666-6666,843,South Carolina,6
+18437777777,(843) 777-7777,843-777-7777,843,South Carolina,7
+18438888888,(843) 888-8888,843-888-8888,843,South Carolina,8
+18439999999,(843) 999-9999,843-999-9999,843,South Carolina,9
+18451111111,(845) 111-1111,845-111-1111,845,New York,1
+18452222222,(845) 222-2222,845-222-2222,845,New York,2
+18453333333,(845) 333-3333,845-333-3333,845,New York,3
+18454444444,(845) 444-4444,845-444-4444,845,New York,4
+18455555555,(845) 555-5555,845-555-5555,845,New York,5
+18456666666,(845) 666-6666,845-666-6666,845,New York,6
+18457777777,(845) 777-7777,845-777-7777,845,New York,7
+18458888888,(845) 888-8888,845-888-8888,845,New York,8
+18459999999,(845) 999-9999,845-999-9999,845,New York,9
+18471111111,(847) 111-1111,847-111-1111,847,Illinois,1
+18472222222,(847) 222-2222,847-222-2222,847,Illinois,2
+18473333333,(847) 333-3333,847-333-3333,847,Illinois,3
+18474444444,(847) 444-4444,847-444-4444,847,Illinois,4
+18475555555,(847) 555-5555,847-555-5555,847,Illinois,5
+18476666666,(847) 666-6666,847-666-6666,847,Illinois,6
+18477777777,(847) 777-7777,847-777-7777,847,Illinois,7
+18478888888,(847) 888-8888,847-888-8888,847,Illinois,8
+18479999999,(847) 999-9999,847-999-9999,847,Illinois,9
+18481111111,(848) 111-1111,848-111-1111,848,New Jersey,1
+18482222222,(848) 222-2222,848-222-2222,848,New Jersey,2
+18483333333,(848) 333-3333,848-333-3333,848,New Jersey,3
+18484444444,(848) 444-4444,848-444-4444,848,New Jersey,4
+18485555555,(848) 555-5555,848-555-5555,848,New Jersey,5
+18486666666,(848) 666-6666,848-666-6666,848,New Jersey,6
+18487777777,(848) 777-7777,848-777-7777,848,New Jersey,7
+18488888888,(848) 888-8888,848-888-8888,848,New Jersey,8
+18489999999,(848) 999-9999,848-999-9999,848,New Jersey,9
+18501111111,(850) 111-1111,850-111-1111,850,Florida,1
+18502222222,(850) 222-2222,850-222-2222,850,Florida,2
+18503333333,(850) 333-3333,850-333-3333,850,Florida,3
+18504444444,(850) 444-4444,850-444-4444,850,Florida,4
+18505555555,(850) 555-5555,850-555-5555,850,Florida,5
+18506666666,(850) 666-6666,850-666-6666,850,Florida,6
+18507777777,(850) 777-7777,850-777-7777,850,Florida,7
+18508888888,(850) 888-8888,850-888-8888,850,Florida,8
+18509999999,(850) 999-9999,850-999-9999,850,Florida,9
+18541111111,(854) 111-1111,854-111-1111,854,South Carolina,1
+18542222222,(854) 222-2222,854-222-2222,854,South Carolina,2
+18543333333,(854) 333-3333,854-333-3333,854,South Carolina,3
+18544444444,(854) 444-4444,854-444-4444,854,South Carolina,4
+18545555555,(854) 555-5555,854-555-5555,854,South Carolina,5
+18546666666,(854) 666-6666,854-666-6666,854,South Carolina,6
+18547777777,(854) 777-7777,854-777-7777,854,South Carolina,7
+18548888888,(854) 888-8888,854-888-8888,854,South Carolina,8
+18549999999,(854) 999-9999,854-999-9999,854,South Carolina,9
+18561111111,(856) 111-1111,856-111-1111,856,New Jersey,1
+18562222222,(856) 222-2222,856-222-2222,856,New Jersey,2
+18563333333,(856) 333-3333,856-333-3333,856,New Jersey,3
+18564444444,(856) 444-4444,856-444-4444,856,New Jersey,4
+18565555555,(856) 555-5555,856-555-5555,856,New Jersey,5
+18566666666,(856) 666-6666,856-666-6666,856,New Jersey,6
+18567777777,(856) 777-7777,856-777-7777,856,New Jersey,7
+18568888888,(856) 888-8888,856-888-8888,856,New Jersey,8
+18569999999,(856) 999-9999,856-999-9999,856,New Jersey,9
+18571111111,(857) 111-1111,857-111-1111,857,Massachusetts,1
+18572222222,(857) 222-2222,857-222-2222,857,Massachusetts,2
+18573333333,(857) 333-3333,857-333-3333,857,Massachusetts,3
+18574444444,(857) 444-4444,857-444-4444,857,Massachusetts,4
+18575555555,(857) 555-5555,857-555-5555,857,Massachusetts,5
+18576666666,(857) 666-6666,857-666-6666,857,Massachusetts,6
+18577777777,(857) 777-7777,857-777-7777,857,Massachusetts,7
+18578888888,(857) 888-8888,857-888-8888,857,Massachusetts,8
+18579999999,(857) 999-9999,857-999-9999,857,Massachusetts,9
+18581111111,(858) 111-1111,858-111-1111,858,California,1
+18582222222,(858) 222-2222,858-222-2222,858,California,2
+18583333333,(858) 333-3333,858-333-3333,858,California,3
+18584444444,(858) 444-4444,858-444-4444,858,California,4
+18585555555,(858) 555-5555,858-555-5555,858,California,5
+18586666666,(858) 666-6666,858-666-6666,858,California,6
+18587777777,(858) 777-7777,858-777-7777,858,California,7
+18588888888,(858) 888-8888,858-888-8888,858,California,8
+18589999999,(858) 999-9999,858-999-9999,858,California,9
+18591111111,(859) 111-1111,859-111-1111,859,Kentucky,1
+18592222222,(859) 222-2222,859-222-2222,859,Kentucky,2
+18593333333,(859) 333-3333,859-333-3333,859,Kentucky,3
+18594444444,(859) 444-4444,859-444-4444,859,Kentucky,4
+18595555555,(859) 555-5555,859-555-5555,859,Kentucky,5
+18596666666,(859) 666-6666,859-666-6666,859,Kentucky,6
+18597777777,(859) 777-7777,859-777-7777,859,Kentucky,7
+18598888888,(859) 888-8888,859-888-8888,859,Kentucky,8
+18599999999,(859) 999-9999,859-999-9999,859,Kentucky,9
+18601111111,(860) 111-1111,860-111-1111,860,Connecticut,1
+18602222222,(860) 222-2222,860-222-2222,860,Connecticut,2
+18603333333,(860) 333-3333,860-333-3333,860,Connecticut,3
+18604444444,(860) 444-4444,860-444-4444,860,Connecticut,4
+18605555555,(860) 555-5555,860-555-5555,860,Connecticut,5
+18606666666,(860) 666-6666,860-666-6666,860,Connecticut,6
+18607777777,(860) 777-7777,860-777-7777,860,Connecticut,7
+18608888888,(860) 888-8888,860-888-8888,860,Connecticut,8
+18609999999,(860) 999-9999,860-999-9999,860,Connecticut,9
+18611111111,(861) 111-1111,861-111-1111,861,Illinois,1
+18612222222,(861) 222-2222,861-222-2222,861,Illinois,2
+18613333333,(861) 333-3333,861-333-3333,861,Illinois,3
+18614444444,(861) 444-4444,861-444-4444,861,Illinois,4
+18615555555,(861) 555-5555,861-555-5555,861,Illinois,5
+18616666666,(861) 666-6666,861-666-6666,861,Illinois,6
+18617777777,(861) 777-7777,861-777-7777,861,Illinois,7
+18618888888,(861) 888-8888,861-888-8888,861,Illinois,8
+18619999999,(861) 999-9999,861-999-9999,861,Illinois,9
+18621111111,(862) 111-1111,862-111-1111,862,New Jersey,1
+18622222222,(862) 222-2222,862-222-2222,862,New Jersey,2
+18623333333,(862) 333-3333,862-333-3333,862,New Jersey,3
+18624444444,(862) 444-4444,862-444-4444,862,New Jersey,4
+18625555555,(862) 555-5555,862-555-5555,862,New Jersey,5
+18626666666,(862) 666-6666,862-666-6666,862,New Jersey,6
+18627777777,(862) 777-7777,862-777-7777,862,New Jersey,7
+18628888888,(862) 888-8888,862-888-8888,862,New Jersey,8
+18629999999,(862) 999-9999,862-999-9999,862,New Jersey,9
+18631111111,(863) 111-1111,863-111-1111,863,Florida,1
+18632222222,(863) 222-2222,863-222-2222,863,Florida,2
+18633333333,(863) 333-3333,863-333-3333,863,Florida,3
+18634444444,(863) 444-4444,863-444-4444,863,Florida,4
+18635555555,(863) 555-5555,863-555-5555,863,Florida,5
+18636666666,(863) 666-6666,863-666-6666,863,Florida,6
+18637777777,(863) 777-7777,863-777-7777,863,Florida,7
+18638888888,(863) 888-8888,863-888-8888,863,Florida,8
+18639999999,(863) 999-9999,863-999-9999,863,Florida,9
+18641111111,(864) 111-1111,864-111-1111,864,South Carolina,1
+18642222222,(864) 222-2222,864-222-2222,864,South Carolina,2
+18643333333,(864) 333-3333,864-333-3333,864,South Carolina,3
+18644444444,(864) 444-4444,864-444-4444,864,South Carolina,4
+18645555555,(864) 555-5555,864-555-5555,864,South Carolina,5
+18646666666,(864) 666-6666,864-666-6666,864,South Carolina,6
+18647777777,(864) 777-7777,864-777-7777,864,South Carolina,7
+18648888888,(864) 888-8888,864-888-8888,864,South Carolina,8
+18649999999,(864) 999-9999,864-999-9999,864,South Carolina,9
+18651111111,(865) 111-1111,865-111-1111,865,Tennessee,1
+18652222222,(865) 222-2222,865-222-2222,865,Tennessee,2
+18653333333,(865) 333-3333,865-333-3333,865,Tennessee,3
+18654444444,(865) 444-4444,865-444-4444,865,Tennessee,4
+18655555555,(865) 555-5555,865-555-5555,865,Tennessee,5
+18656666666,(865) 666-6666,865-666-6666,865,Tennessee,6
+18657777777,(865) 777-7777,865-777-7777,865,Tennessee,7
+18658888888,(865) 888-8888,865-888-8888,865,Tennessee,8
+18659999999,(865) 999-9999,865-999-9999,865,Tennessee,9
+18681111111,(868) 111-1111,868-111-1111,868,Texas,1
+18682222222,(868) 222-2222,868-222-2222,868,Texas,2
+18683333333,(868) 333-3333,868-333-3333,868,Texas,3
+18684444444,(868) 444-4444,868-444-4444,868,Texas,4
+18685555555,(868) 555-5555,868-555-5555,868,Texas,5
+18686666666,(868) 666-6666,868-666-6666,868,Texas,6
+18687777777,(868) 777-7777,868-777-7777,868,Texas,7
+18688888888,(868) 888-8888,868-888-8888,868,Texas,8
+18689999999,(868) 999-9999,868-999-9999,868,Texas,9
+18701111111,(870) 111-1111,870-111-1111,870,Arkansas,1
+18702222222,(870) 222-2222,870-222-2222,870,Arkansas,2
+18703333333,(870) 333-3333,870-333-3333,870,Arkansas,3
+18704444444,(870) 444-4444,870-444-4444,870,Arkansas,4
+18705555555,(870) 555-5555,870-555-5555,870,Arkansas,5
+18706666666,(870) 666-6666,870-666-6666,870,Arkansas,6
+18707777777,(870) 777-7777,870-777-7777,870,Arkansas,7
+18708888888,(870) 888-8888,870-888-8888,870,Arkansas,8
+18709999999,(870) 999-9999,870-999-9999,870,Arkansas,9
+18721111111,(872) 111-1111,872-111-1111,872,Illinois,1
+18722222222,(872) 222-2222,872-222-2222,872,Illinois,2
+18723333333,(872) 333-3333,872-333-3333,872,Illinois,3
+18724444444,(872) 444-4444,872-444-4444,872,Illinois,4
+18725555555,(872) 555-5555,872-555-5555,872,Illinois,5
+18726666666,(872) 666-6666,872-666-6666,872,Illinois,6
+18727777777,(872) 777-7777,872-777-7777,872,Illinois,7
+18728888888,(872) 888-8888,872-888-8888,872,Illinois,8
+18729999999,(872) 999-9999,872-999-9999,872,Illinois,9
+18781111111,(878) 111-1111,878-111-1111,878,Pennsylvania,1
+18782222222,(878) 222-2222,878-222-2222,878,Pennsylvania,2
+18783333333,(878) 333-3333,878-333-3333,878,Pennsylvania,3
+18784444444,(878) 444-4444,878-444-4444,878,Pennsylvania,4
+18785555555,(878) 555-5555,878-555-5555,878,Pennsylvania,5
+18786666666,(878) 666-6666,878-666-6666,878,Pennsylvania,6
+18787777777,(878) 777-7777,878-777-7777,878,Pennsylvania,7
+18788888888,(878) 888-8888,878-888-8888,878,Pennsylvania,8
+18789999999,(878) 999-9999,878-999-9999,878,Pennsylvania,9
+19011111111,(901) 111-1111,901-111-1111,901,Tennessee,1
+19012222222,(901) 222-2222,901-222-2222,901,Tennessee,2
+19013333333,(901) 333-3333,901-333-3333,901,Tennessee,3
+19014444444,(901) 444-4444,901-444-4444,901,Tennessee,4
+19015555555,(901) 555-5555,901-555-5555,901,Tennessee,5
+19016666666,(901) 666-6666,901-666-6666,901,Tennessee,6
+19017777777,(901) 777-7777,901-777-7777,901,Tennessee,7
+19018888888,(901) 888-8888,901-888-8888,901,Tennessee,8
+19019999999,(901) 999-9999,901-999-9999,901,Tennessee,9
+19031111111,(903) 111-1111,903-111-1111,903,Texas,1
+19032222222,(903) 222-2222,903-222-2222,903,Texas,2
+19033333333,(903) 333-3333,903-333-3333,903,Texas,3
+19034444444,(903) 444-4444,903-444-4444,903,Texas,4
+19035555555,(903) 555-5555,903-555-5555,903,Texas,5
+19036666666,(903) 666-6666,903-666-6666,903,Texas,6
+19037777777,(903) 777-7777,903-777-7777,903,Texas,7
+19038888888,(903) 888-8888,903-888-8888,903,Texas,8
+19039999999,(903) 999-9999,903-999-9999,903,Texas,9
+19041111111,(904) 111-1111,904-111-1111,904,Florida,1
+19042222222,(904) 222-2222,904-222-2222,904,Florida,2
+19043333333,(904) 333-3333,904-333-3333,904,Florida,3
+19044444444,(904) 444-4444,904-444-4444,904,Florida,4
+19045555555,(904) 555-5555,904-555-5555,904,Florida,5
+19046666666,(904) 666-6666,904-666-6666,904,Florida,6
+19047777777,(904) 777-7777,904-777-7777,904,Florida,7
+19048888888,(904) 888-8888,904-888-8888,904,Florida,8
+19049999999,(904) 999-9999,904-999-9999,904,Florida,9
+19061111111,(906) 111-1111,906-111-1111,906,Michigan,1
+19062222222,(906) 222-2222,906-222-2222,906,Michigan,2
+19063333333,(906) 333-3333,906-333-3333,906,Michigan,3
+19064444444,(906) 444-4444,906-444-4444,906,Michigan,4
+19065555555,(906) 555-5555,906-555-5555,906,Michigan,5
+19066666666,(906) 666-6666,906-666-6666,906,Michigan,6
+19067777777,(906) 777-7777,906-777-7777,906,Michigan,7
+19068888888,(906) 888-8888,906-888-8888,906,Michigan,8
+19069999999,(906) 999-9999,906-999-9999,906,Michigan,9
+19071111111,(907) 111-1111,907-111-1111,907,Alaska,1
+19072222222,(907) 222-2222,907-222-2222,907,Alaska,2
+19073333333,(907) 333-3333,907-333-3333,907,Alaska,3
+19074444444,(907) 444-4444,907-444-4444,907,Alaska,4
+19075555555,(907) 555-5555,907-555-5555,907,Alaska,5
+19076666666,(907) 666-6666,907-666-6666,907,Alaska,6
+19077777777,(907) 777-7777,907-777-7777,907,Alaska,7
+19078888888,(907) 888-8888,907-888-8888,907,Alaska,8
+19079999999,(907) 999-9999,907-999-9999,907,Alaska,9
+19081111111,(908) 111-1111,908-111-1111,908,New Jersey,1
+19082222222,(908) 222-2222,908-222-2222,908,New Jersey,2
+19083333333,(908) 333-3333,908-333-3333,908,New Jersey,3
+19084444444,(908) 444-4444,908-444-4444,908,New Jersey,4
+19085555555,(908) 555-5555,908-555-5555,908,New Jersey,5
+19086666666,(908) 666-6666,908-666-6666,908,New Jersey,6
+19087777777,(908) 777-7777,908-777-7777,908,New Jersey,7
+19088888888,(908) 888-8888,908-888-8888,908,New Jersey,8
+19089999999,(908) 999-9999,908-999-9999,908,New Jersey,9
+19091111111,(909) 111-1111,909-111-1111,909,California,1
+19092222222,(909) 222-2222,909-222-2222,909,California,2
+19093333333,(909) 333-3333,909-333-3333,909,California,3
+19094444444,(909) 444-4444,909-444-4444,909,California,4
+19095555555,(909) 555-5555,909-555-5555,909,California,5
+19096666666,(909) 666-6666,909-666-6666,909,California,6
+19097777777,(909) 777-7777,909-777-7777,909,California,7
+19098888888,(909) 888-8888,909-888-8888,909,California,8
+19099999999,(909) 999-9999,909-999-9999,909,California,9
+19101111111,(910) 111-1111,910-111-1111,910,North Carolina,1
+19102222222,(910) 222-2222,910-222-2222,910,North Carolina,2
+19103333333,(910) 333-3333,910-333-3333,910,North Carolina,3
+19104444444,(910) 444-4444,910-444-4444,910,North Carolina,4
+19105555555,(910) 555-5555,910-555-5555,910,North Carolina,5
+19106666666,(910) 666-6666,910-666-6666,910,North Carolina,6
+19107777777,(910) 777-7777,910-777-7777,910,North Carolina,7
+19108888888,(910) 888-8888,910-888-8888,910,North Carolina,8
+19109999999,(910) 999-9999,910-999-9999,910,North Carolina,9
+19121111111,(912) 111-1111,912-111-1111,912,Georgia,1
+19122222222,(912) 222-2222,912-222-2222,912,Georgia,2
+19123333333,(912) 333-3333,912-333-3333,912,Georgia,3
+19124444444,(912) 444-4444,912-444-4444,912,Georgia,4
+19125555555,(912) 555-5555,912-555-5555,912,Georgia,5
+19126666666,(912) 666-6666,912-666-6666,912,Georgia,6
+19127777777,(912) 777-7777,912-777-7777,912,Georgia,7
+19128888888,(912) 888-8888,912-888-8888,912,Georgia,8
+19129999999,(912) 999-9999,912-999-9999,912,Georgia,9
+19131111111,(913) 111-1111,913-111-1111,913,Kansas,1
+19132222222,(913) 222-2222,913-222-2222,913,Kansas,2
+19133333333,(913) 333-3333,913-333-3333,913,Kansas,3
+19134444444,(913) 444-4444,913-444-4444,913,Kansas,4
+19135555555,(913) 555-5555,913-555-5555,913,Kansas,5
+19136666666,(913) 666-6666,913-666-6666,913,Kansas,6
+19137777777,(913) 777-7777,913-777-7777,913,Kansas,7
+19138888888,(913) 888-8888,913-888-8888,913,Kansas,8
+19139999999,(913) 999-9999,913-999-9999,913,Kansas,9
+19141111111,(914) 111-1111,914-111-1111,914,New York,1
+19142222222,(914) 222-2222,914-222-2222,914,New York,2
+19143333333,(914) 333-3333,914-333-3333,914,New York,3
+19144444444,(914) 444-4444,914-444-4444,914,New York,4
+19145555555,(914) 555-5555,914-555-5555,914,New York,5
+19146666666,(914) 666-6666,914-666-6666,914,New York,6
+19147777777,(914) 777-7777,914-777-7777,914,New York,7
+19148888888,(914) 888-8888,914-888-8888,914,New York,8
+19149999999,(914) 999-9999,914-999-9999,914,New York,9
+19151111111,(915) 111-1111,915-111-1111,915,Texas,1
+19152222222,(915) 222-2222,915-222-2222,915,Texas,2
+19153333333,(915) 333-3333,915-333-3333,915,Texas,3
+19154444444,(915) 444-4444,915-444-4444,915,Texas,4
+19155555555,(915) 555-5555,915-555-5555,915,Texas,5
+19156666666,(915) 666-6666,915-666-6666,915,Texas,6
+19157777777,(915) 777-7777,915-777-7777,915,Texas,7
+19158888888,(915) 888-8888,915-888-8888,915,Texas,8
+19159999999,(915) 999-9999,915-999-9999,915,Texas,9
+19161111111,(916) 111-1111,916-111-1111,916,California,1
+19162222222,(916) 222-2222,916-222-2222,916,California,2
+19163333333,(916) 333-3333,916-333-3333,916,California,3
+19164444444,(916) 444-4444,916-444-4444,916,California,4
+19165555555,(916) 555-5555,916-555-5555,916,California,5
+19166666666,(916) 666-6666,916-666-6666,916,California,6
+19167777777,(916) 777-7777,916-777-7777,916,California,7
+19168888888,(916) 888-8888,916-888-8888,916,California,8
+19169999999,(916) 999-9999,916-999-9999,916,California,9
+19171111111,(917) 111-1111,917-111-1111,917,New York,1
+19172222222,(917) 222-2222,917-222-2222,917,New York,2
+19173333333,(917) 333-3333,917-333-3333,917,New York,3
+19174444444,(917) 444-4444,917-444-4444,917,New York,4
+19175555555,(917) 555-5555,917-555-5555,917,New York,5
+19176666666,(917) 666-6666,917-666-6666,917,New York,6
+19177777777,(917) 777-7777,917-777-7777,917,New York,7
+19178888888,(917) 888-8888,917-888-8888,917,New York,8
+19179999999,(917) 999-9999,917-999-9999,917,New York,9
+19181111111,(918) 111-1111,918-111-1111,918,Oklahoma,1
+19182222222,(918) 222-2222,918-222-2222,918,Oklahoma,2
+19183333333,(918) 333-3333,918-333-3333,918,Oklahoma,3
+19184444444,(918) 444-4444,918-444-4444,918,Oklahoma,4
+19185555555,(918) 555-5555,918-555-5555,918,Oklahoma,5
+19186666666,(918) 666-6666,918-666-6666,918,Oklahoma,6
+19187777777,(918) 777-7777,918-777-7777,918,Oklahoma,7
+19188888888,(918) 888-8888,918-888-8888,918,Oklahoma,8
+19189999999,(918) 999-9999,918-999-9999,918,Oklahoma,9
+19191111111,(919) 111-1111,919-111-1111,919,North Carolina,1
+19192222222,(919) 222-2222,919-222-2222,919,North Carolina,2
+19193333333,(919) 333-3333,919-333-3333,919,North Carolina,3
+19194444444,(919) 444-4444,919-444-4444,919,North Carolina,4
+19195555555,(919) 555-5555,919-555-5555,919,North Carolina,5
+19196666666,(919) 666-6666,919-666-6666,919,North Carolina,6
+19197777777,(919) 777-7777,919-777-7777,919,North Carolina,7
+19198888888,(919) 888-8888,919-888-8888,919,North Carolina,8
+19199999999,(919) 999-9999,919-999-9999,919,North Carolina,9
+19201111111,(920) 111-1111,920-111-1111,920,Wisconsin,1
+19202222222,(920) 222-2222,920-222-2222,920,Wisconsin,2
+19203333333,(920) 333-3333,920-333-3333,920,Wisconsin,3
+19204444444,(920) 444-4444,920-444-4444,920,Wisconsin,4
+19205555555,(920) 555-5555,920-555-5555,920,Wisconsin,5
+19206666666,(920) 666-6666,920-666-6666,920,Wisconsin,6
+19207777777,(920) 777-7777,920-777-7777,920,Wisconsin,7
+19208888888,(920) 888-8888,920-888-8888,920,Wisconsin,8
+19209999999,(920) 999-9999,920-999-9999,920,Wisconsin,9
+19241111111,(924) 111-1111,924-111-1111,924,Minnesota,1
+19242222222,(924) 222-2222,924-222-2222,924,Minnesota,2
+19243333333,(924) 333-3333,924-333-3333,924,Minnesota,3
+19244444444,(924) 444-4444,924-444-4444,924,Minnesota,4
+19245555555,(924) 555-5555,924-555-5555,924,Minnesota,5
+19246666666,(924) 666-6666,924-666-6666,924,Minnesota,6
+19247777777,(924) 777-7777,924-777-7777,924,Minnesota,7
+19248888888,(924) 888-8888,924-888-8888,924,Minnesota,8
+19249999999,(924) 999-9999,924-999-9999,924,Minnesota,9
+19251111111,(925) 111-1111,925-111-1111,925,California,1
+19252222222,(925) 222-2222,925-222-2222,925,California,2
+19253333333,(925) 333-3333,925-333-3333,925,California,3
+19254444444,(925) 444-4444,925-444-4444,925,California,4
+19255555555,(925) 555-5555,925-555-5555,925,California,5
+19256666666,(925) 666-6666,925-666-6666,925,California,6
+19257777777,(925) 777-7777,925-777-7777,925,California,7
+19258888888,(925) 888-8888,925-888-8888,925,California,8
+19259999999,(925) 999-9999,925-999-9999,925,California,9
+19281111111,(928) 111-1111,928-111-1111,928,Arizona,1
+19282222222,(928) 222-2222,928-222-2222,928,Arizona,2
+19283333333,(928) 333-3333,928-333-3333,928,Arizona,3
+19284444444,(928) 444-4444,928-444-4444,928,Arizona,4
+19285555555,(928) 555-5555,928-555-5555,928,Arizona,5
+19286666666,(928) 666-6666,928-666-6666,928,Arizona,6
+19287777777,(928) 777-7777,928-777-7777,928,Arizona,7
+19288888888,(928) 888-8888,928-888-8888,928,Arizona,8
+19289999999,(928) 999-9999,928-999-9999,928,Arizona,9
+19291111111,(929) 111-1111,929-111-1111,929,New York,1
+19292222222,(929) 222-2222,929-222-2222,929,New York,2
+19293333333,(929) 333-3333,929-333-3333,929,New York,3
+19294444444,(929) 444-4444,929-444-4444,929,New York,4
+19295555555,(929) 555-5555,929-555-5555,929,New York,5
+19296666666,(929) 666-6666,929-666-6666,929,New York,6
+19297777777,(929) 777-7777,929-777-7777,929,New York,7
+19298888888,(929) 888-8888,929-888-8888,929,New York,8
+19299999999,(929) 999-9999,929-999-9999,929,New York,9
+19301111111,(930) 111-1111,930-111-1111,930,Indiana,1
+19302222222,(930) 222-2222,930-222-2222,930,Indiana,2
+19303333333,(930) 333-3333,930-333-3333,930,Indiana,3
+19304444444,(930) 444-4444,930-444-4444,930,Indiana,4
+19305555555,(930) 555-5555,930-555-5555,930,Indiana,5
+19306666666,(930) 666-6666,930-666-6666,930,Indiana,6
+19307777777,(930) 777-7777,930-777-7777,930,Indiana,7
+19308888888,(930) 888-8888,930-888-8888,930,Indiana,8
+19309999999,(930) 999-9999,930-999-9999,930,Indiana,9
+19311111111,(931) 111-1111,931-111-1111,931,Tennessee,1
+19312222222,(931) 222-2222,931-222-2222,931,Tennessee,2
+19313333333,(931) 333-3333,931-333-3333,931,Tennessee,3
+19314444444,(931) 444-4444,931-444-4444,931,Tennessee,4
+19315555555,(931) 555-5555,931-555-5555,931,Tennessee,5
+19316666666,(931) 666-6666,931-666-6666,931,Tennessee,6
+19317777777,(931) 777-7777,931-777-7777,931,Tennessee,7
+19318888888,(931) 888-8888,931-888-8888,931,Tennessee,8
+19319999999,(931) 999-9999,931-999-9999,931,Tennessee,9
+19341111111,(934) 111-1111,934-111-1111,934,New York,1
+19342222222,(934) 222-2222,934-222-2222,934,New York,2
+19343333333,(934) 333-3333,934-333-3333,934,New York,3
+19344444444,(934) 444-4444,934-444-4444,934,New York,4
+19345555555,(934) 555-5555,934-555-5555,934,New York,5
+19346666666,(934) 666-6666,934-666-6666,934,New York,6
+19347777777,(934) 777-7777,934-777-7777,934,New York,7
+19348888888,(934) 888-8888,934-888-8888,934,New York,8
+19349999999,(934) 999-9999,934-999-9999,934,New York,9
+19351111111,(935) 111-1111,935-111-1111,935,California,1
+19352222222,(935) 222-2222,935-222-2222,935,California,2
+19353333333,(935) 333-3333,935-333-3333,935,California,3
+19354444444,(935) 444-4444,935-444-4444,935,California,4
+19355555555,(935) 555-5555,935-555-5555,935,California,5
+19356666666,(935) 666-6666,935-666-6666,935,California,6
+19357777777,(935) 777-7777,935-777-7777,935,California,7
+19358888888,(935) 888-8888,935-888-8888,935,California,8
+19359999999,(935) 999-9999,935-999-9999,935,California,9
+19361111111,(936) 111-1111,936-111-1111,936,Texas,1
+19362222222,(936) 222-2222,936-222-2222,936,Texas,2
+19363333333,(936) 333-3333,936-333-3333,936,Texas,3
+19364444444,(936) 444-4444,936-444-4444,936,Texas,4
+19365555555,(936) 555-5555,936-555-5555,936,Texas,5
+19366666666,(936) 666-6666,936-666-6666,936,Texas,6
+19367777777,(936) 777-7777,936-777-7777,936,Texas,7
+19368888888,(936) 888-8888,936-888-8888,936,Texas,8
+19369999999,(936) 999-9999,936-999-9999,936,Texas,9
+19371111111,(937) 111-1111,937-111-1111,937,Ohio,1
+19372222222,(937) 222-2222,937-222-2222,937,Ohio,2
+19373333333,(937) 333-3333,937-333-3333,937,Ohio,3
+19374444444,(937) 444-4444,937-444-4444,937,Ohio,4
+19375555555,(937) 555-5555,937-555-5555,937,Ohio,5
+19376666666,(937) 666-6666,937-666-6666,937,Ohio,6
+19377777777,(937) 777-7777,937-777-7777,937,Ohio,7
+19378888888,(937) 888-8888,937-888-8888,937,Ohio,8
+19379999999,(937) 999-9999,937-999-9999,937,Ohio,9
+19381111111,(938) 111-1111,938-111-1111,938,Alabama,1
+19382222222,(938) 222-2222,938-222-2222,938,Alabama,2
+19383333333,(938) 333-3333,938-333-3333,938,Alabama,3
+19384444444,(938) 444-4444,938-444-4444,938,Alabama,4
+19385555555,(938) 555-5555,938-555-5555,938,Alabama,5
+19386666666,(938) 666-6666,938-666-6666,938,Alabama,6
+19387777777,(938) 777-7777,938-777-7777,938,Alabama,7
+19388888888,(938) 888-8888,938-888-8888,938,Alabama,8
+19389999999,(938) 999-9999,938-999-9999,938,Alabama,9
+19391111111,(939) 111-1111,939-111-1111,939,Puerto Rico,1
+19392222222,(939) 222-2222,939-222-2222,939,Puerto Rico,2
+19393333333,(939) 333-3333,939-333-3333,939,Puerto Rico,3
+19394444444,(939) 444-4444,939-444-4444,939,Puerto Rico,4
+19395555555,(939) 555-5555,939-555-5555,939,Puerto Rico,5
+19396666666,(939) 666-6666,939-666-6666,939,Puerto Rico,6
+19397777777,(939) 777-7777,939-777-7777,939,Puerto Rico,7
+19398888888,(939) 888-8888,939-888-8888,939,Puerto Rico,8
+19399999999,(939) 999-9999,939-999-9999,939,Puerto Rico,9
+19401111111,(940) 111-1111,940-111-1111,940,Texas,1
+19402222222,(940) 222-2222,940-222-2222,940,Texas,2
+19403333333,(940) 333-3333,940-333-3333,940,Texas,3
+19404444444,(940) 444-4444,940-444-4444,940,Texas,4
+19405555555,(940) 555-5555,940-555-5555,940,Texas,5
+19406666666,(940) 666-6666,940-666-6666,940,Texas,6
+19407777777,(940) 777-7777,940-777-7777,940,Texas,7
+19408888888,(940) 888-8888,940-888-8888,940,Texas,8
+19409999999,(940) 999-9999,940-999-9999,940,Texas,9
+19411111111,(941) 111-1111,941-111-1111,941,Florida,1
+19412222222,(941) 222-2222,941-222-2222,941,Florida,2
+19413333333,(941) 333-3333,941-333-3333,941,Florida,3
+19414444444,(941) 444-4444,941-444-4444,941,Florida,4
+19415555555,(941) 555-5555,941-555-5555,941,Florida,5
+19416666666,(941) 666-6666,941-666-6666,941,Florida,6
+19417777777,(941) 777-7777,941-777-7777,941,Florida,7
+19418888888,(941) 888-8888,941-888-8888,941,Florida,8
+19419999999,(941) 999-9999,941-999-9999,941,Florida,9
+19431111111,(943) 111-1111,943-111-1111,943,Georgia,1
+19432222222,(943) 222-2222,943-222-2222,943,Georgia,2
+19433333333,(943) 333-3333,943-333-3333,943,Georgia,3
+19434444444,(943) 444-4444,943-444-4444,943,Georgia,4
+19435555555,(943) 555-5555,943-555-5555,943,Georgia,5
+19436666666,(943) 666-6666,943-666-6666,943,Georgia,6
+19437777777,(943) 777-7777,943-777-7777,943,Georgia,7
+19438888888,(943) 888-8888,943-888-8888,943,Georgia,8
+19439999999,(943) 999-9999,943-999-9999,943,Georgia,9
+19451111111,(945) 111-1111,945-111-1111,945,Texas,1
+19452222222,(945) 222-2222,945-222-2222,945,Texas,2
+19453333333,(945) 333-3333,945-333-3333,945,Texas,3
+19454444444,(945) 444-4444,945-444-4444,945,Texas,4
+19455555555,(945) 555-5555,945-555-5555,945,Texas,5
+19456666666,(945) 666-6666,945-666-6666,945,Texas,6
+19457777777,(945) 777-7777,945-777-7777,945,Texas,7
+19458888888,(945) 888-8888,945-888-8888,945,Texas,8
+19459999999,(945) 999-9999,945-999-9999,945,Texas,9
+19471111111,(947) 111-1111,947-111-1111,947,Michigan,1
+19472222222,(947) 222-2222,947-222-2222,947,Michigan,2
+19473333333,(947) 333-3333,947-333-3333,947,Michigan,3
+19474444444,(947) 444-4444,947-444-4444,947,Michigan,4
+19475555555,(947) 555-5555,947-555-5555,947,Michigan,5
+19476666666,(947) 666-6666,947-666-6666,947,Michigan,6
+19477777777,(947) 777-7777,947-777-7777,947,Michigan,7
+19478888888,(947) 888-8888,947-888-8888,947,Michigan,8
+19479999999,(947) 999-9999,947-999-9999,947,Michigan,9
+19481111111,(948) 111-1111,948-111-1111,948,Virginia,1
+19482222222,(948) 222-2222,948-222-2222,948,Virginia,2
+19483333333,(948) 333-3333,948-333-3333,948,Virginia,3
+19484444444,(948) 444-4444,948-444-4444,948,Virginia,4
+19485555555,(948) 555-5555,948-555-5555,948,Virginia,5
+19486666666,(948) 666-6666,948-666-6666,948,Virginia,6
+19487777777,(948) 777-7777,948-777-7777,948,Virginia,7
+19488888888,(948) 888-8888,948-888-8888,948,Virginia,8
+19489999999,(948) 999-9999,948-999-9999,948,Virginia,9
+19491111111,(949) 111-1111,949-111-1111,949,California,1
+19492222222,(949) 222-2222,949-222-2222,949,California,2
+19493333333,(949) 333-3333,949-333-3333,949,California,3
+19494444444,(949) 444-4444,949-444-4444,949,California,4
+19495555555,(949) 555-5555,949-555-5555,949,California,5
+19496666666,(949) 666-6666,949-666-6666,949,California,6
+19497777777,(949) 777-7777,949-777-7777,949,California,7
+19498888888,(949) 888-8888,949-888-8888,949,California,8
+19499999999,(949) 999-9999,949-999-9999,949,California,9
+19511111111,(951) 111-1111,951-111-1111,951,California,1
+19512222222,(951) 222-2222,951-222-2222,951,California,2
+19513333333,(951) 333-3333,951-333-3333,951,California,3
+19514444444,(951) 444-4444,951-444-4444,951,California,4
+19515555555,(951) 555-5555,951-555-5555,951,California,5
+19516666666,(951) 666-6666,951-666-6666,951,California,6
+19517777777,(951) 777-7777,951-777-7777,951,California,7
+19518888888,(951) 888-8888,951-888-8888,951,California,8
+19519999999,(951) 999-9999,951-999-9999,951,California,9
+19521111111,(952) 111-1111,952-111-1111,952,Minnesota,1
+19522222222,(952) 222-2222,952-222-2222,952,Minnesota,2
+19523333333,(952) 333-3333,952-333-3333,952,Minnesota,3
+19524444444,(952) 444-4444,952-444-4444,952,Minnesota,4
+19525555555,(952) 555-5555,952-555-5555,952,Minnesota,5
+19526666666,(952) 666-6666,952-666-6666,952,Minnesota,6
+19527777777,(952) 777-7777,952-777-7777,952,Minnesota,7
+19528888888,(952) 888-8888,952-888-8888,952,Minnesota,8
+19529999999,(952) 999-9999,952-999-9999,952,Minnesota,9
+19541111111,(954) 111-1111,954-111-1111,954,Florida,1
+19542222222,(954) 222-2222,954-222-2222,954,Florida,2
+19543333333,(954) 333-3333,954-333-3333,954,Florida,3
+19544444444,(954) 444-4444,954-444-4444,954,Florida,4
+19545555555,(954) 555-5555,954-555-5555,954,Florida,5
+19546666666,(954) 666-6666,954-666-6666,954,Florida,6
+19547777777,(954) 777-7777,954-777-7777,954,Florida,7
+19548888888,(954) 888-8888,954-888-8888,954,Florida,8
+19549999999,(954) 999-9999,954-999-9999,954,Florida,9
+19561111111,(956) 111-1111,956-111-1111,956,Texas,1
+19562222222,(956) 222-2222,956-222-2222,956,Texas,2
+19563333333,(956) 333-3333,956-333-3333,956,Texas,3
+19564444444,(956) 444-4444,956-444-4444,956,Texas,4
+19565555555,(956) 555-5555,956-555-5555,956,Texas,5
+19566666666,(956) 666-6666,956-666-6666,956,Texas,6
+19567777777,(956) 777-7777,956-777-7777,956,Texas,7
+19568888888,(956) 888-8888,956-888-8888,956,Texas,8
+19569999999,(956) 999-9999,956-999-9999,956,Texas,9
+19591111111,(959) 111-1111,959-111-1111,959,Connecticut,1
+19592222222,(959) 222-2222,959-222-2222,959,Connecticut,2
+19593333333,(959) 333-3333,959-333-3333,959,Connecticut,3
+19594444444,(959) 444-4444,959-444-4444,959,Connecticut,4
+19595555555,(959) 555-5555,959-555-5555,959,Connecticut,5
+19596666666,(959) 666-6666,959-666-6666,959,Connecticut,6
+19597777777,(959) 777-7777,959-777-7777,959,Connecticut,7
+19598888888,(959) 888-8888,959-888-8888,959,Connecticut,8
+19599999999,(959) 999-9999,959-999-9999,959,Connecticut,9
+19701111111,(970) 111-1111,970-111-1111,970,Colorado,1
+19702222222,(970) 222-2222,970-222-2222,970,Colorado,2
+19703333333,(970) 333-3333,970-333-3333,970,Colorado,3
+19704444444,(970) 444-4444,970-444-4444,970,Colorado,4
+19705555555,(970) 555-5555,970-555-5555,970,Colorado,5
+19706666666,(970) 666-6666,970-666-6666,970,Colorado,6
+19707777777,(970) 777-7777,970-777-7777,970,Colorado,7
+19708888888,(970) 888-8888,970-888-8888,970,Colorado,8
+19709999999,(970) 999-9999,970-999-9999,970,Colorado,9
+19711111111,(971) 111-1111,971-111-1111,971,Oregon,1
+19712222222,(971) 222-2222,971-222-2222,971,Oregon,2
+19713333333,(971) 333-3333,971-333-3333,971,Oregon,3
+19714444444,(971) 444-4444,971-444-4444,971,Oregon,4
+19715555555,(971) 555-5555,971-555-5555,971,Oregon,5
+19716666666,(971) 666-6666,971-666-6666,971,Oregon,6
+19717777777,(971) 777-7777,971-777-7777,971,Oregon,7
+19718888888,(971) 888-8888,971-888-8888,971,Oregon,8
+19719999999,(971) 999-9999,971-999-9999,971,Oregon,9
+19721111111,(972) 111-1111,972-111-1111,972,Texas,1
+19722222222,(972) 222-2222,972-222-2222,972,Texas,2
+19723333333,(972) 333-3333,972-333-3333,972,Texas,3
+19724444444,(972) 444-4444,972-444-4444,972,Texas,4
+19725555555,(972) 555-5555,972-555-5555,972,Texas,5
+19726666666,(972) 666-6666,972-666-6666,972,Texas,6
+19727777777,(972) 777-7777,972-777-7777,972,Texas,7
+19728888888,(972) 888-8888,972-888-8888,972,Texas,8
+19729999999,(972) 999-9999,972-999-9999,972,Texas,9
+19731111111,(973) 111-1111,973-111-1111,973,New Jersey,1
+19732222222,(973) 222-2222,973-222-2222,973,New Jersey,2
+19733333333,(973) 333-3333,973-333-3333,973,New Jersey,3
+19734444444,(973) 444-4444,973-444-4444,973,New Jersey,4
+19735555555,(973) 555-5555,973-555-5555,973,New Jersey,5
+19736666666,(973) 666-6666,973-666-6666,973,New Jersey,6
+19737777777,(973) 777-7777,973-777-7777,973,New Jersey,7
+19738888888,(973) 888-8888,973-888-8888,973,New Jersey,8
+19739999999,(973) 999-9999,973-999-9999,973,New Jersey,9
+19751111111,(975) 111-1111,975-111-1111,975,Missouri,1
+19752222222,(975) 222-2222,975-222-2222,975,Missouri,2
+19753333333,(975) 333-3333,975-333-3333,975,Missouri,3
+19754444444,(975) 444-4444,975-444-4444,975,Missouri,4
+19755555555,(975) 555-5555,975-555-5555,975,Missouri,5
+19756666666,(975) 666-6666,975-666-6666,975,Missouri,6
+19757777777,(975) 777-7777,975-777-7777,975,Missouri,7
+19758888888,(975) 888-8888,975-888-8888,975,Missouri,8
+19759999999,(975) 999-9999,975-999-9999,975,Missouri,9
+19781111111,(978) 111-1111,978-111-1111,978,Massachusetts,1
+19782222222,(978) 222-2222,978-222-2222,978,Massachusetts,2
+19783333333,(978) 333-3333,978-333-3333,978,Massachusetts,3
+19784444444,(978) 444-4444,978-444-4444,978,Massachusetts,4
+19785555555,(978) 555-5555,978-555-5555,978,Massachusetts,5
+19786666666,(978) 666-6666,978-666-6666,978,Massachusetts,6
+19787777777,(978) 777-7777,978-777-7777,978,Massachusetts,7
+19788888888,(978) 888-8888,978-888-8888,978,Massachusetts,8
+19789999999,(978) 999-9999,978-999-9999,978,Massachusetts,9
+19791111111,(979) 111-1111,979-111-1111,979,Texas,1
+19792222222,(979) 222-2222,979-222-2222,979,Texas,2
+19793333333,(979) 333-3333,979-333-3333,979,Texas,3
+19794444444,(979) 444-4444,979-444-4444,979,Texas,4
+19795555555,(979) 555-5555,979-555-5555,979,Texas,5
+19796666666,(979) 666-6666,979-666-6666,979,Texas,6
+19797777777,(979) 777-7777,979-777-7777,979,Texas,7
+19798888888,(979) 888-8888,979-888-8888,979,Texas,8
+19799999999,(979) 999-9999,979-999-9999,979,Texas,9
+19801111111,(980) 111-1111,980-111-1111,980,North Carolina,1
+19802222222,(980) 222-2222,980-222-2222,980,North Carolina,2
+19803333333,(980) 333-3333,980-333-3333,980,North Carolina,3
+19804444444,(980) 444-4444,980-444-4444,980,North Carolina,4
+19805555555,(980) 555-5555,980-555-5555,980,North Carolina,5
+19806666666,(980) 666-6666,980-666-6666,980,North Carolina,6
+19807777777,(980) 777-7777,980-777-7777,980,North Carolina,7
+19808888888,(980) 888-8888,980-888-8888,980,North Carolina,8
+19809999999,(980) 999-9999,980-999-9999,980,North Carolina,9
+19831111111,(983) 111-1111,983-111-1111,983,Colorado,1
+19832222222,(983) 222-2222,983-222-2222,983,Colorado,2
+19833333333,(983) 333-3333,983-333-3333,983,Colorado,3
+19834444444,(983) 444-4444,983-444-4444,983,Colorado,4
+19835555555,(983) 555-5555,983-555-5555,983,Colorado,5
+19836666666,(983) 666-6666,983-666-6666,983,Colorado,6
+19837777777,(983) 777-7777,983-777-7777,983,Colorado,7
+19838888888,(983) 888-8888,983-888-8888,983,Colorado,8
+19839999999,(983) 999-9999,983-999-9999,983,Colorado,9
+19841111111,(984) 111-1111,984-111-1111,984,North Carolina,1
+19842222222,(984) 222-2222,984-222-2222,984,North Carolina,2
+19843333333,(984) 333-3333,984-333-3333,984,North Carolina,3
+19844444444,(984) 444-4444,984-444-4444,984,North Carolina,4
+19845555555,(984) 555-5555,984-555-5555,984,North Carolina,5
+19846666666,(984) 666-6666,984-666-6666,984,North Carolina,6
+19847777777,(984) 777-7777,984-777-7777,984,North Carolina,7
+19848888888,(984) 888-8888,984-888-8888,984,North Carolina,8
+19849999999,(984) 999-9999,984-999-9999,984,North Carolina,9
+19851111111,(985) 111-1111,985-111-1111,985,Louisiana,1
+19852222222,(985) 222-2222,985-222-2222,985,Louisiana,2
+19853333333,(985) 333-3333,985-333-3333,985,Louisiana,3
+19854444444,(985) 444-4444,985-444-4444,985,Louisiana,4
+19855555555,(985) 555-5555,985-555-5555,985,Louisiana,5
+19856666666,(985) 666-6666,985-666-6666,985,Louisiana,6
+19857777777,(985) 777-7777,985-777-7777,985,Louisiana,7
+19858888888,(985) 888-8888,985-888-8888,985,Louisiana,8
+19859999999,(985) 999-9999,985-999-9999,985,Louisiana,9
+19861111111,(986) 111-1111,986-111-1111,986,Idaho,1
+19862222222,(986) 222-2222,986-222-2222,986,Idaho,2
+19863333333,(986) 333-3333,986-333-3333,986,Idaho,3
+19864444444,(986) 444-4444,986-444-4444,986,Idaho,4
+19865555555,(986) 555-5555,986-555-5555,986,Idaho,5
+19866666666,(986) 666-6666,986-666-6666,986,Idaho,6
+19867777777,(986) 777-7777,986-777-7777,986,Idaho,7
+19868888888,(986) 888-8888,986-888-8888,986,Idaho,8
+19869999999,(986) 999-9999,986-999-9999,986,Idaho,9
+19891111111,(989) 111-1111,989-111-1111,989,Michigan,1
+19892222222,(989) 222-2222,989-222-2222,989,Michigan,2
+19893333333,(989) 333-3333,989-333-3333,989,Michigan,3
+19894444444,(989) 444-4444,989-444-4444,989,Michigan,4
+19895555555,(989) 555-5555,989-555-5555,989,Michigan,5
+19896666666,(989) 666-6666,989-666-6666,989,Michigan,6
+19897777777,(989) 777-7777,989-777-7777,989,Michigan,7
+19898888888,(989) 888-8888,989-888-8888,989,Michigan,8
+19899999999,(989) 999-9999,989-999-9999,989,Michigan,9
